device,driverversion,duration (ms),frames,fps
NVIDIA GeForce RTX 4060 Laptop GPU,2475065344,30000.3072,7959,265.2973

frame,ms
0,2.6551
1,3.3264
2,3.8302
3,3.6546
4,4.1653
5,4.3976
6,3.8015
7,4.1993
8,3.6101
9,3.9693
10,3.6081
11,4.1915
12,3.4630
13,4.2746
14,4.1200
15,4.4001
16,3.3816
17,4.0579
18,3.9771
19,3.8451
20,4.3128
21,3.3959
22,3.8541
23,3.4008
24,4.1657
25,3.6681
26,4.1376
27,3.9101
28,3.5282
29,4.4849
30,3.8029
31,3.6412
32,4.1423
33,3.9625
34,3.4676
35,3.5039
36,3.9556
37,3.6677
38,4.0766
39,4.0051
40,3.6596
41,4.0927
42,4.6407
43,4.7399
44,3.6854
45,4.5389
46,4.5117
47,4.3974
48,4.0521
49,4.6633
50,3.8896
51,4.6530
52,4.4950
53,4.3131
54,4.3189
55,4.1481
56,4.4559
57,4.7226
58,4.2884
59,4.3721
60,4.5651
61,4.6037
62,4.5072
63,3.9752
64,4.3738
65,4.3473
66,4.0817
67,4.5035
68,4.5040
69,4.2207
70,4.3040
71,4.4742
72,3.9886
73,4.5128
74,3.8812
75,4.3650
76,4.4562
77,4.6821
78,4.4566
79,3.9847
80,4.9988
81,4.5797
82,3.8524
83,4.5518
84,4.1735
85,4.5169
86,5.7671
87,3.1126
88,4.3807
89,4.7933
90,3.9026
91,5.1124
92,4.2790
93,4.2856
94,4.1893
95,4.1441
96,4.4327
97,4.3996
98,4.3624
99,4.2118
100,4.1950
101,4.0184
102,4.0139
103,4.2321
104,4.0623
105,3.7354
106,3.8924
107,4.1540
108,4.2049
109,3.7976
110,4.2195
111,3.9604
112,4.5471
113,3.6401
114,4.2590
115,4.1428
116,4.4028
117,4.5919
118,4.3971
119,4.3364
120,4.1780
121,4.0360
122,4.4877
123,4.6631
124,4.1783
125,4.2686
126,3.9908
127,4.4891
128,4.3983
129,3.6034
130,4.6742
131,4.0318
132,3.9551
133,4.2604
134,3.7574
135,4.6392
136,3.9135
137,3.6559
138,4.2270
139,3.8002
140,4.1932
141,3.6025
142,4.4661
143,3.9109
144,4.2426
145,4.6781
146,3.3657
147,4.2199
148,3.8035
149,4.0977
150,4.1211
151,4.2279
152,4.0777
153,3.6906
154,4.2717
155,3.7957
156,4.1203
157,4.1138
158,3.8669
159,4.2918
160,3.5634
161,4.2852
162,3.7862
163,4.0883
164,4.0475
165,4.1156
166,4.2751
167,4.0249
168,5.5841
169,3.1111
170,3.9896
171,4.5444
172,3.9705
173,6.9477
174,1.1417
175,3.8904
176,4.8456
177,3.1957
178,4.6781
179,2.9050
180,4.3544
181,4.5220
182,3.7064
183,4.1912
184,3.6841
185,4.2485
186,3.6346
187,4.2628
188,4.0210
189,3.9977
190,4.1815
191,3.8959
192,4.6171
193,4.0011
194,3.7099
195,4.2118
196,6.5870
197,1.9201
198,4.1205
199,3.9895
200,4.7155
201,3.8001
202,4.0289
203,3.7120
204,4.4534
205,4.2860
206,4.2165
207,3.8297
208,4.2689
209,3.8551
210,4.2523
211,4.6807
212,3.8184
213,4.0741
214,4.5629
215,3.7247
216,3.7213
217,4.9997
218,3.0928
219,4.0398
220,4.2390
221,4.1846
222,4.3551
223,3.4511
224,4.0952
225,4.6144
226,3.9587
227,4.3884
228,4.0090
229,4.8057
230,4.0966
231,3.9517
232,4.4353
233,4.0032
234,4.2863
235,4.4792
236,3.6939
237,4.3758
238,4.2818
239,4.5414
240,4.1134
241,3.9821
242,4.1823
243,4.2497
244,3.8396
245,4.5996
246,4.1828
247,3.9565
248,4.3486
249,4.2128
250,4.4304
251,4.4897
252,4.5133
253,4.2477
254,3.6041
255,4.1165
256,3.4996
257,4.2890
258,3.8254
259,3.8476
260,4.0218
261,3.9675
262,3.8817
263,3.9027
264,4.1404
265,3.5364
266,4.0715
267,3.9373
268,4.1104
269,4.0585
270,3.5868
271,3.9971
272,3.6151
273,4.1398
274,3.7341
275,3.5630
276,4.1897
277,3.4350
278,4.4573
279,3.6610
280,3.8889
281,3.5440
282,4.5221
283,3.8059
284,3.4769
285,4.1940
286,3.8243
287,3.7277
288,3.2655
289,4.4918
290,3.6220
291,4.2130
292,3.8070
293,4.3845
294,3.2290
295,4.0656
296,3.9405
297,3.7804
298,3.8779
299,3.6380
300,4.2969
301,4.3614
302,3.1517
303,4.1952
304,3.4744
305,4.0230
306,3.5484
307,3.9641
308,4.1101
309,3.6980
310,4.0478
311,3.7960
312,4.2224
313,3.6665
314,4.1415
315,3.6810
316,4.4511
317,4.1337
318,3.8365
319,4.1569
320,3.6960
321,4.4298
322,3.9507
323,3.6589
324,4.2891
325,4.0968
326,4.2975
327,3.5436
328,4.0859
329,3.7824
330,4.5696
331,4.3950
332,3.6737
333,4.4425
334,4.3607
335,3.7355
336,4.6125
337,3.4755
338,3.8597
339,3.5725
340,4.1005
341,4.5871
342,3.7104
343,4.2028
344,4.7514
345,3.6121
346,3.6362
347,4.0775
348,4.3259
349,3.1951
350,4.3502
351,3.6449
352,3.8142
353,4.1645
354,3.9746
355,4.4654
356,3.6362
357,3.9888
358,3.7416
359,3.9552
360,3.6565
361,3.8865
362,4.0992
363,4.7490
364,2.8664
365,3.6755
366,4.1372
367,3.4843
368,4.2948
369,4.0392
370,3.3708
371,4.2624
372,3.6485
373,3.9556
374,3.7791
375,4.2641
376,3.6885
377,3.6555
378,3.9229
379,3.9498
380,3.9967
381,3.5865
382,3.7937
383,3.5945
384,4.3424
385,3.5041
386,3.8130
387,4.1953
388,3.7038
389,3.8161
390,4.1421
391,3.3115
392,4.5312
393,3.7424
394,3.2942
395,3.9271
396,3.3674
397,3.8885
398,3.9954
399,3.4036
400,4.3493
401,3.6703
402,3.7970
403,3.5754
404,3.9579
405,3.4513
406,3.9282
407,3.3219
408,4.0222
409,4.0077
410,3.7141
411,3.9665
412,3.6791
413,4.0495
414,4.0224
415,3.7027
416,3.5170
417,3.8483
418,3.5282
419,3.8680
420,3.7677
421,3.5440
422,4.0243
423,3.2992
424,4.1542
425,3.4667
426,3.7134
427,3.4436
428,4.2555
429,3.4184
430,3.9214
431,4.4218
432,3.2336
433,3.9088
434,3.6237
435,3.8345
436,3.4766
437,4.0633
438,3.4224
439,3.8647
440,3.4909
441,4.0434
442,3.4820
443,3.9824
444,3.8522
445,3.8182
446,3.9103
447,3.8880
448,4.0106
449,3.8334
450,3.4566
451,3.6267
452,3.7160
453,3.9174
454,3.7234
455,3.7215
456,3.5420
457,4.1225
458,3.3777
459,3.9524
460,4.1574
461,4.5781
462,3.0341
463,3.6077
464,3.4671
465,3.8274
466,3.7457
467,4.1760
468,4.1168
469,3.6419
470,3.5034
471,3.5574
472,4.5296
473,3.7235
474,3.9241
475,3.5501
476,4.1542
477,4.0511
478,3.9002
479,4.0088
480,3.7228
481,4.1539
482,3.3614
483,3.9914
484,3.4670
485,4.1760
486,3.6778
487,3.7028
488,3.8076
489,3.7230
490,3.8363
491,3.4236
492,3.9247
493,3.4425
494,4.2779
495,3.2517
496,4.0493
497,3.8212
498,4.1989
499,3.6064
500,3.6035
501,4.2139
502,3.0450
503,4.3213
504,3.7240
505,3.8427
506,3.5858
507,3.8497
508,3.6662
509,3.8862
510,3.8461
511,3.4137
512,4.1570
513,3.4545
514,4.1576
515,3.2029
516,4.6691
517,3.4392
518,3.5961
519,4.2208
520,3.8132
521,4.4686
522,3.3554
523,3.5250
524,3.6952
525,4.1093
526,3.6664
527,3.8156
528,3.5793
529,3.9971
530,3.6617
531,3.9071
532,3.4713
533,3.8297
534,4.0243
535,3.5984
536,3.9028
537,3.6623
538,4.3492
539,4.1576
540,3.2570
541,4.0267
542,3.3762
543,4.0095
544,3.3714
545,3.8973
546,3.4947
547,4.2355
548,3.8489
549,3.4560
550,4.1558
551,3.9360
552,3.9479
553,3.5781
554,3.8797
555,3.5305
556,4.1336
557,3.4966
558,4.3110
559,2.9897
560,4.3819
561,3.8775
562,3.5533
563,4.1614
564,3.4957
565,3.8853
566,3.6678
567,3.8053
568,3.7533
569,4.2736
570,3.8447
571,3.6228
572,3.8173
573,3.5676
574,4.0244
575,3.5148
576,3.8956
577,3.4132
578,3.9695
579,3.4073
580,4.3525
581,4.3319
582,3.4738
583,3.9676
584,3.8250
585,4.0065
586,3.9015
587,3.7859
588,3.4621
589,3.9214
590,3.3396
591,3.9609
592,3.4323
593,4.0527
594,4.1841
595,3.6815
596,5.9244
597,1.5571
598,4.4120
599,3.6835
600,3.7150
601,3.6728
602,3.8525
603,3.9084
604,3.6408
605,4.1083
606,3.5746
607,4.0238
608,4.3476
609,3.8727
610,3.4508
611,4.0158
612,4.3680
613,3.0737
614,3.9436
615,3.4041
616,4.0403
617,3.6010
618,3.8056
619,3.6329
620,3.8697
621,4.0579
622,3.4264
623,3.8459
624,3.6516
625,4.0976
626,3.6037
627,3.9358
628,3.7020
629,4.2650
630,3.7152
631,3.5569
632,3.8697
633,3.7329
634,3.8769
635,3.4727
636,4.0039
637,3.6219
638,4.2139
639,3.9150
640,3.5776
641,4.6796
642,3.6104
643,3.9914
644,3.3913
645,4.1509
646,3.3784
647,3.9384
648,3.4391
649,4.1181
650,3.2273
651,4.1800
652,3.9684
653,3.5668
654,3.7856
655,3.8588
656,3.7802
657,4.6840
658,3.2648
659,3.4472
660,4.1668
661,3.6496
662,3.9792
663,3.6658
664,4.2058
665,4.1240
666,3.2481
667,3.7708
668,3.4711
669,4.0225
670,3.5016
671,3.8559
672,3.7584
673,4.0377
674,3.8834
675,3.3653
676,3.7695
677,3.4026
678,4.0421
679,3.4090
680,3.9996
681,3.3018
682,4.3105
683,3.4727
684,3.7904
685,3.8523
686,3.8867
687,3.9902
688,4.2183
689,3.1210
690,3.6777
691,4.1380
692,3.3954
693,3.9201
694,3.3105
695,4.1884
696,3.8440
697,3.3924
698,3.9989
699,3.3780
700,3.7788
701,3.9517
702,3.7804
703,3.5203
704,3.8079
705,3.3289
706,4.1796
707,3.4702
708,4.1765
709,3.3719
710,4.0600
711,4.3958
712,2.7394
713,3.5383
714,4.1674
715,3.8913
716,3.3147
717,4.1243
718,3.3401
719,4.1768
720,3.1330
721,3.7246
722,3.4544
723,4.7881
724,2.4975
725,3.8482
726,3.6297
727,3.8887
728,4.1936
729,3.1940
730,3.9251
731,4.1120
732,3.7262
733,3.5274
734,4.3564
735,3.4353
736,3.9897
737,3.8478
738,3.6604
739,4.1512
740,3.6873
741,4.0030
742,3.4530
743,3.7246
744,3.4753
745,4.1159
746,3.5887
747,3.7037
748,3.5371
749,4.5330
750,3.3592
751,3.5223
752,3.9349
753,3.8723
754,3.7863
755,3.7933
756,3.9005
757,3.2112
758,4.0173
759,3.3330
760,4.4430
761,2.9216
762,4.0853
763,3.7471
764,3.7465
765,3.8162
766,3.7650
767,4.1136
768,3.3751
769,4.1418
770,3.4355
771,3.8817
772,3.3915
773,3.7269
774,3.6057
775,3.9915
776,3.9503
777,3.7146
778,3.4288
779,3.5166
780,4.1637
781,3.6101
782,3.6270
783,3.5566
784,4.3204
785,4.0128
786,3.2694
787,4.2087
788,3.0288
789,3.9922
790,3.1227
791,3.7678
792,3.7899
793,5.6503
794,1.7192
795,3.9619
796,3.4906
797,4.0571
798,3.5834
799,3.7914
800,3.7246
801,3.6924
802,3.6227
803,3.6803
804,3.6761
805,3.3768
806,3.9019
807,3.4302
808,3.7249
809,3.5944
810,3.8478
811,3.1432
812,3.8433
813,3.3155
814,3.8187
815,3.4536
816,4.1053
817,4.0547
818,3.3539
819,3.5941
820,3.6663
821,3.9747
822,3.5773
823,3.9902
824,3.3715
825,3.8675
826,3.7841
827,3.6492
828,3.5217
829,3.8995
830,3.3037
831,3.9551
832,3.4823
833,3.9240
834,3.5822
835,4.0833
836,4.0548
837,4.0599
838,3.7754
839,3.8505
840,3.8587
841,3.8623
842,3.4849
843,3.9459
844,3.6708
845,3.2551
846,3.5812
847,3.8637
848,4.7054
849,2.9612
850,3.4808
851,3.7371
852,4.1720
853,3.7667
854,3.7151
855,3.5797
856,3.5028
857,4.5500
858,3.3699
859,3.6847
860,3.7817
861,3.9021
862,3.7705
863,3.4597
864,4.3378
865,3.4954
866,4.2308
867,2.8871
868,3.7662
869,3.4487
870,3.9474
871,3.8775
872,3.3723
873,4.6312
874,2.9065
875,3.8464
876,3.5232
877,3.8177
878,3.5669
879,3.9139
880,3.4143
881,3.7703
882,3.8668
883,4.1287
884,3.8781
885,3.4578
886,3.9692
887,3.9026
888,3.7552
889,3.4538
890,3.8603
891,3.3729
892,4.1482
893,3.3644
894,3.9192
895,3.7449
896,3.8530
897,3.9196
898,3.6856
899,3.6178
900,3.6718
901,4.2409
902,3.3600
903,4.1902
904,3.4330
905,5.1586
906,4.0731
907,3.6347
908,3.6912
909,3.8639
910,3.9261
911,3.5418
912,3.8432
913,3.4010
914,4.0779
915,3.3513
916,3.7341
917,3.7434
918,4.3262
919,3.7189
920,3.3816
921,3.8443
922,3.6674
923,4.1680
924,3.3268
925,3.8081
926,4.1153
927,3.5649
928,3.1750
929,3.7940
930,4.0082
931,4.1890
932,3.9090
933,3.4557
934,4.0820
935,3.5855
936,4.2432
937,3.9759
938,3.4302
939,3.9494
940,3.3325
941,3.8653
942,3.2788
943,3.9805
944,4.3022
945,4.0260
946,3.1915
947,3.8225
948,3.2918
949,4.2697
950,4.0477
951,3.2397
952,3.7565
953,3.8370
954,3.8884
955,3.3967
956,3.8702
957,4.2026
958,4.1806
959,3.4263
960,3.7727
961,3.9191
962,3.7560
963,3.8914
964,3.3931
965,3.7443
966,3.4691
967,3.9239
968,3.4970
969,3.7790
970,3.5852
971,5.6803
972,2.9410
973,3.7569
974,3.9361
975,3.8050
976,3.8433
977,3.4690
978,3.6866
979,3.4220
980,4.2826
981,3.5581
982,3.6499
983,4.4341
984,4.2853
985,3.8410
986,3.3116
987,3.8751
988,3.4510
989,3.8742
990,3.4397
991,3.8172
992,3.3500
993,3.9277
994,3.2327
995,3.8636
996,4.4951
997,3.5952
998,3.9207
999,3.4677
1000,3.8925
1001,3.2637
1002,4.2343
1003,3.4924
1004,3.7809
1005,3.5211
1006,4.2825
1007,3.7834
1008,3.3627
1009,4.3214
1010,3.9110
1011,4.0779
1012,3.1348
1013,4.1047
1014,3.1322
1015,4.0018
1016,3.3757
1017,3.9584
1018,3.4956
1019,3.9960
1020,3.8482
1021,3.5192
1022,3.6659
1023,4.1778
1024,4.2004
1025,3.6061
1026,3.6902
1027,3.3094
1028,4.4749
1029,4.1618
1030,3.0199
1031,3.3459
1032,3.8472
1033,3.8429
1034,3.6913
1035,4.1624
1036,4.0980
1037,4.1921
1038,3.2385
1039,3.9724
1040,3.2685
1041,3.9627
1042,3.8077
1043,3.5690
1044,3.7932
1045,3.3881
1046,4.3503
1047,3.3608
1048,4.3512
1049,4.0589
1050,4.1718
1051,3.8672
1052,3.2955
1053,3.8502
1054,3.4706
1055,3.8355
1056,3.6187
1057,3.6967
1058,3.4741
1059,3.8927
1060,3.2725
1061,3.9611
1062,4.4849
1063,3.9709
1064,3.7686
1065,3.4243
1066,3.9356
1067,3.1826
1068,3.7532
1069,3.9567
1070,4.4911
1071,2.9279
1072,4.3333
1073,3.4471
1074,3.8121
1075,3.8300
1076,4.1347
1077,3.7347
1078,3.3988
1079,3.8124
1080,3.2681
1081,4.0332
1082,3.3685
1083,3.8841
1084,3.3597
1085,3.9675
1086,3.3490
1087,4.2965
1088,4.4647
1089,3.4875
1090,3.3702
1091,4.5752
1092,3.4383
1093,3.3623
1094,4.3191
1095,3.6729
1096,3.7943
1097,3.3260
1098,3.8285
1099,3.7631
1100,3.9815
1101,4.5164
1102,3.5895
1103,3.9583
1104,3.2810
1105,3.7882
1106,3.4467
1107,4.4366
1108,3.2377
1109,3.7567
1110,3.8156
1111,3.3335
1112,3.5381
1113,4.6798
1114,4.0196
1115,3.3177
1116,4.3708
1117,3.9790
1118,3.5904
1119,3.3936
1120,4.0679
1121,3.5406
1122,3.7756
1123,3.8586
1124,3.8717
1125,3.9191
1126,3.8314
1127,4.0802
1128,3.3674
1129,4.3368
1130,3.7709
1131,3.4452
1132,3.9578
1133,3.4957
1134,3.8391
1135,3.9643
1136,3.8268
1137,3.5083
1138,4.0574
1139,3.7023
1140,4.5961
1141,3.7942
1142,3.4866
1143,4.0117
1144,4.0744
1145,3.1605
1146,3.7369
1147,4.0415
1148,3.9196
1149,3.4282
1150,3.3646
1151,4.3402
1152,4.1536
1153,3.7015
1154,3.8122
1155,3.3959
1156,3.8838
1157,3.4876
1158,3.8349
1159,3.3438
1160,4.2617
1161,3.6475
1162,3.8855
1163,3.2682
1164,3.9561
1165,3.7237
1166,4.2523
1167,4.1010
1168,3.1919
1169,4.3565
1170,3.5834
1171,3.8919
1172,3.1507
1173,4.2352
1174,4.0062
1175,3.2086
1176,4.0343
1177,4.0782
1178,3.1498
1179,4.0908
1180,3.8497
1181,3.4651
1182,4.0818
1183,3.4205
1184,3.7675
1185,3.4910
1186,3.8705
1187,3.3801
1188,4.0653
1189,3.8493
1190,3.4466
1191,4.2691
1192,3.3000
1193,4.0201
1194,3.3797
1195,4.3002
1196,3.5142
1197,4.0872
1198,3.7676
1199,3.5107
1200,3.7720
1201,3.9729
1202,3.9251
1203,3.3766
1204,3.9914
1205,3.3602
1206,4.0998
1207,3.2654
1208,4.0594
1209,3.5137
1210,4.4661
1211,3.4467
1212,3.6859
1213,3.7934
1214,3.8204
1215,3.8592
1216,3.3468
1217,4.1277
1218,3.4456
1219,3.7832
1220,3.3239
1221,3.8858
1222,3.3935
1223,4.3889
1224,3.2138
1225,3.8399
1226,3.9047
1227,4.5142
1228,3.3266
1229,3.6603
1230,4.0300
1231,3.3363
1232,3.9795
1233,3.3731
1234,3.8674
1235,3.4481
1236,4.2052
1237,3.3481
1238,3.8557
1239,4.0641
1240,3.5741
1241,3.9320
1242,3.6042
1243,3.9536
1244,3.3278
1245,4.2527
1246,3.6461
1247,3.8826
1248,3.1210
1249,4.2657
1250,3.4805
1251,4.1052
1252,3.7292
1253,3.4710
1254,3.6745
1255,3.8443
1256,4.0151
1257,3.3209
1258,3.9109
1259,3.4343
1260,4.0585
1261,3.3902
1262,4.0761
1263,4.0576
1264,3.4752
1265,3.6661
1266,3.6817
1267,3.7840
1268,3.9518
1269,3.6361
1270,3.4238
1271,4.1136
1272,3.3050
1273,3.7733
1274,3.4823
1275,3.9399
1276,3.6689
1277,4.3480
1278,3.3939
1279,3.8397
1280,4.4715
1281,3.1858
1282,4.0597
1283,3.4004
1284,4.4949
1285,3.2078
1286,3.9102
1287,3.9170
1288,3.1998
1289,3.6823
1290,3.7882
1291,3.8159
1292,3.2875
1293,4.2765
1294,3.3994
1295,3.7709
1296,3.3379
1297,4.3112
1298,3.1719
1299,4.2438
1300,3.6491
1301,3.4763
1302,4.1410
1303,3.7376
1304,3.7708
1305,3.6672
1306,3.8930
1307,3.5720
1308,3.8135
1309,3.5730
1310,3.8888
1311,3.7716
1312,3.7895
1313,3.7699
1314,3.4658
1315,3.6974
1316,3.7668
1317,4.0195
1318,3.4952
1319,4.0116
1320,3.3872
1321,4.1397
1322,3.6547
1323,3.8743
1324,3.6594
1325,3.9413
1326,3.9097
1327,3.3423
1328,3.7334
1329,3.7751
1330,3.8322
1331,3.5384
1332,3.9327
1333,3.3076
1334,3.9893
1335,3.5474
1336,3.9330
1337,3.3172
1338,3.9362
1339,3.7823
1340,3.3996
1341,3.3176
1342,3.8183
1343,3.8258
1344,3.4048
1345,3.7944
1346,3.3058
1347,4.1568
1348,3.5410
1349,3.7583
1350,3.4768
1351,4.1235
1352,3.4628
1353,3.7933
1354,3.3773
1355,3.8710
1356,3.5882
1357,4.1976
1358,3.9154
1359,3.3997
1360,3.8430
1361,3.8946
1362,3.6491
1363,3.3064
1364,3.8250
1365,3.3570
1366,4.2657
1367,3.6878
1368,3.8699
1369,3.2527
1370,4.3067
1371,2.9444
1372,4.4036
1373,3.5274
1374,3.7066
1375,3.8512
1376,4.3800
1377,3.1492
1378,3.3712
1379,4.3369
1380,3.2750
1381,3.8128
1382,3.4382
1383,3.9621
1384,3.5280
1385,4.0147
1386,3.0828
1387,3.8581
1388,3.7787
1389,4.2026
1390,3.6569
1391,3.3193
1392,4.0863
1393,3.4271
1394,4.0570
1395,3.4871
1396,4.2453
1397,3.9628
1398,3.2761
1399,3.2038
1400,3.8658
1401,3.8441
1402,4.2973
1403,3.4873
1404,3.2789
1405,3.7662
1406,3.7128
1407,3.9278
1408,3.4952
1409,3.9784
1410,3.4009
1411,4.2593
1412,3.5800
1413,3.8701
1414,3.7832
1415,3.9432
1416,3.8423
1417,3.3774
1418,4.3368
1419,3.4383
1420,3.7604
1421,3.4411
1422,3.6584
1423,3.6937
1424,3.9140
1425,3.7781
1426,3.5441
1427,3.6143
1428,3.9445
1429,3.6685
1430,3.3846
1431,4.0959
1432,3.1325
1433,3.9218
1434,3.3101
1435,4.4243
1436,3.0154
1437,4.1563
1438,3.4588
1439,3.8913
1440,3.6335
1441,4.3466
1442,3.6214
1443,3.7014
1444,4.1870
1445,3.1371
1446,4.2096
1447,3.4068
1448,4.3050
1449,3.3053
1450,3.6865
1451,3.3632
1452,3.7915
1453,3.2962
1454,3.7706
1455,3.8594
1456,4.0546
1457,3.5375
1458,3.3369
1459,3.9360
1460,3.3611
1461,4.7331
1462,2.6899
1463,4.1403
1464,3.4705
1465,3.7961
1466,3.5083
1467,3.7317
1468,3.3872
1469,4.3442
1470,3.8005
1471,3.3595
1472,3.9929
1473,4.0106
1474,3.1434
1475,3.5967
1476,3.8989
1477,3.3724
1478,3.9959
1479,3.4416
1480,4.6159
1481,2.9498
1482,3.9933
1483,3.5237
1484,3.7769
1485,4.1038
1486,3.7547
1487,3.4031
1488,3.6115
1489,3.7134
1490,3.5865
1491,4.2224
1492,3.6869
1493,3.7668
1494,3.5052
1495,4.2009
1496,3.2880
1497,3.6734
1498,3.4818
1499,3.4834
1500,4.3312
1501,3.5616
1502,4.2284
1503,3.6460
1504,3.0957
1505,4.3685
1506,3.6275
1507,3.1683
1508,4.3514
1509,3.2301
1510,3.7268
1511,3.9099
1512,3.3639
1513,3.9458
1514,3.7035
1515,3.6674
1516,3.2826
1517,4.2755
1518,3.3023
1519,4.4476
1520,2.8302
1521,4.3160
1522,3.2899
1523,4.3553
1524,3.7567
1525,3.6037
1526,3.9116
1527,3.9395
1528,3.8702
1529,3.2594
1530,4.0949
1531,3.6145
1532,4.1540
1533,3.0052
1534,3.7077
1535,3.4968
1536,4.2721
1537,3.7992
1538,3.4469
1539,3.8006
1540,4.0587
1541,4.0409
1542,3.3658
1543,3.8679
1544,3.3830
1545,4.1731
1546,3.3367
1547,3.7828
1548,3.9515
1549,3.7889
1550,3.9473
1551,3.1077
1552,3.8912
1553,3.8821
1554,3.6916
1555,3.4414
1556,3.9882
1557,3.3501
1558,4.0648
1559,3.4433
1560,3.7901
1561,3.6367
1562,3.9152
1563,3.7545
1564,3.3649
1565,3.6193
1566,3.7738
1567,3.6594
1568,3.9009
1569,3.8224
1570,3.7195
1571,3.8145
1572,3.6714
1573,3.9248
1574,3.0915
1575,4.1059
1576,3.5785
1577,4.1369
1578,3.4670
1579,3.5632
1580,3.7421
1581,4.5201
1582,3.2827
1583,3.5570
1584,4.1879
1585,3.2095
1586,3.9882
1587,3.2458
1588,4.0180
1589,3.2361
1590,4.3481
1591,3.8705
1592,3.4880
1593,3.7422
1594,4.0130
1595,3.7780
1596,3.5419
1597,4.1688
1598,3.4430
1599,4.0029
1600,3.3571
1601,3.7525
1602,3.7922
1603,3.8200
1604,3.7114
1605,3.3191
1606,4.7686
1607,3.0740
1608,3.8094
1609,3.3291
1610,4.0213
1611,3.3625
1612,3.8477
1613,3.4739
1614,3.8524
1615,3.5354
1616,4.3220
1617,3.3590
1618,3.7312
1619,4.2178
1620,3.8720
1621,3.7605
1622,3.3839
1623,3.9029
1624,3.3951
1625,3.9765
1626,3.5940
1627,3.7150
1628,3.8281
1629,3.7298
1630,3.9420
1631,3.8444
1632,3.7515
1633,3.4778
1634,3.6613
1635,4.2408
1636,3.4915
1637,3.3288
1638,3.9625
1639,3.7973
1640,3.9997
1641,2.9848
1642,4.1474
1643,4.1438
1644,3.2296
1645,3.9639
1646,3.5129
1647,3.7541
1648,4.5298
1649,3.4706
1650,3.4601
1651,3.8963
1652,3.5047
1653,3.9167
1654,3.3015
1655,3.7199
1656,4.0184
1657,4.0788
1658,3.7091
1659,3.9100
1660,4.2154
1661,3.3235
1662,3.9101
1663,3.5320
1664,4.3554
1665,3.3834
1666,3.7184
1667,3.8011
1668,3.6617
1669,3.5135
1670,3.8861
1671,4.0534
1672,4.2474
1673,3.8968
1674,2.5240
1675,3.8882
1676,3.7255
1677,3.5550
1678,3.4220
1679,3.8703
1680,3.5435
1681,3.7923
1682,3.8505
1683,4.1902
1684,4.6398
1685,2.9146
1686,3.9674
1687,3.3792
1688,4.0372
1689,3.3053
1690,3.7377
1691,3.7910
1692,3.8662
1693,3.8417
1694,3.5921
1695,4.2122
1696,3.7369
1697,3.9494
1698,3.4286
1699,3.7051
1700,3.8445
1701,4.2837
1702,3.3798
1703,3.7590
1704,3.8337
1705,3.9075
1706,4.2522
1707,3.2970
1708,3.8616
1709,3.3854
1710,3.7986
1711,3.4883
1712,3.9616
1713,3.5157
1714,4.0560
1715,3.8673
1716,3.3497
1717,3.8069
1718,3.7692
1719,3.7777
1720,3.4870
1721,4.0128
1722,3.1468
1723,4.3142
1724,3.3306
1725,4.2656
1726,3.0920
1727,3.9053
1728,3.4548
1729,3.9590
1730,3.4064
1731,4.2636
1732,3.8556
1733,3.4354
1734,4.3506
1735,3.1809
1736,4.2258
1737,3.6507
1738,4.1119
1739,3.1472
1740,4.0286
1741,3.9990
1742,3.3489
1743,3.3235
1744,3.7794
1745,3.7803
1746,4.0091
1747,3.7958
1748,3.6372
1749,4.2202
1750,3.4379
1751,3.8743
1752,3.9653
1753,3.8472
1754,4.2184
1755,3.0046
1756,3.8114
1757,3.8542
1758,3.9862
1759,3.5666
1760,3.8477
1761,3.5361
1762,5.4034
1763,2.2605
1764,3.4590
1765,3.4783
1766,3.9382
1767,3.6554
1768,3.7624
1769,3.9811
1770,3.4339
1771,4.0730
1772,3.0916
1773,4.1413
1774,3.3944
1775,4.0843
1776,3.3487
1777,3.8040
1778,3.3841
1779,4.6056
1780,2.9490
1781,3.9402
1782,3.8934
1783,3.3127
1784,3.9409
1785,3.6008
1786,3.9319
1787,3.4294
1788,3.8337
1789,3.5258
1790,4.0948
1791,3.6573
1792,4.0825
1793,3.3718
1794,4.2030
1795,3.8089
1796,3.5179
1797,3.8511
1798,3.5949
1799,3.8357
1800,3.3992
1801,4.0328
1802,3.5104
1803,4.0351
1804,4.2296
1805,3.7016
1806,3.5326
1807,3.9545
1808,3.9812
1809,3.4666
1810,3.7595
1811,3.4307
1812,4.1497
1813,3.7076
1814,3.7403
1815,3.5186
1816,4.7354
1817,2.6025
1818,3.8696
1819,3.7335
1820,3.9810
1821,3.7252
1822,3.6493
1823,3.9944
1824,3.2457
1825,4.1820
1826,3.3950
1827,3.8286
1828,3.3090
1829,4.6935
1830,3.1151
1831,3.8076
1832,3.8237
1833,3.3817
1834,3.7196
1835,3.9893
1836,3.8100
1837,4.3802
1838,3.2411
1839,3.6795
1840,3.8982
1841,3.6438
1842,3.6183
1843,3.4306
1844,3.7531
1845,4.4951
1846,2.9690
1847,3.8494
1848,4.0407
1849,3.7788
1850,3.3775
1851,4.0249
1852,3.4029
1853,4.0217
1854,3.4805
1855,3.8834
1856,3.4543
1857,4.1891
1858,4.1586
1859,3.4769
1860,3.6238
1861,3.8791
1862,3.7738
1863,3.4180
1864,3.8849
1865,3.3468
1866,4.0008
1867,3.2622
1868,3.7433
1869,3.3709
1870,7.2355
1871,1.0213
1872,3.3108
1873,3.7268
1874,3.9586
1875,3.9076
1876,3.6684
1877,3.7542
1878,3.5530
1879,4.1240
1880,3.2458
1881,3.7112
1882,3.3746
1883,3.9764
1884,3.3177
1885,3.9444
1886,4.2699
1887,3.1140
1888,3.8090
1889,3.5088
1890,3.9065
1891,3.3483
1892,4.2019
1893,3.6847
1894,3.6865
1895,3.3564
1896,4.1114
1897,3.4151
1898,3.8159
1899,3.3735
1900,4.0627
1901,3.4269
1902,4.2658
1903,3.7300
1904,3.8071
1905,3.9682
1906,3.4761
1907,3.7292
1908,3.6691
1909,3.6856
1910,3.3672
1911,4.4099
1912,3.6552
1913,3.6332
1914,3.0614
1915,4.0772
1916,3.9748
1917,3.3224
1918,3.7809
1919,3.6471
1920,3.8366
1921,3.6431
1922,3.7899
1923,3.4467
1924,4.1358
1925,3.6713
1926,4.1559
1927,3.0347
1928,4.2119
1929,3.8864
1930,3.6826
1931,3.9075
1932,3.4844
1933,3.8422
1934,3.3825
1935,3.6967
1936,3.4884
1937,5.3182
1938,2.3144
1939,3.7913
1940,3.2818
1941,4.1518
1942,3.7333
1943,3.8141
1944,3.6849
1945,3.6541
1946,4.8251
1947,2.8093
1948,3.9658
1949,3.4476
1950,4.1438
1951,3.6020
1952,4.0971
1953,3.8807
1954,3.3780
1955,3.7767
1956,4.0195
1957,3.5536
1958,3.3956
1959,4.2580
1960,3.2371
1961,3.7828
1962,4.1147
1963,3.3711
1964,3.2683
1965,3.7774
1966,3.3836
1967,4.0884
1968,3.9041
1969,3.3261
1970,3.9314
1971,3.4725
1972,3.5476
1973,3.7495
1974,3.7045
1975,3.9201
1976,3.6541
1977,3.7769
1978,3.7086
1979,3.4205
1980,3.8670
1981,3.4437
1982,4.2148
1983,3.9552
1984,3.6672
1985,3.8232
1986,3.6993
1987,3.8041
1988,4.0399
1989,3.9721
1990,3.3240
1991,4.3279
1992,3.7658
1993,3.3368
1994,3.7646
1995,3.7863
1996,4.1808
1997,3.7175
1998,3.3151
1999,3.3668
2000,4.0859
2001,4.0045
2002,3.6846
2003,3.4918
2004,4.1038
2005,3.7963
2006,3.3944
2007,3.1878
2008,4.2810
2009,3.7695
2010,3.1507
2011,4.0227
2012,3.3594
2013,3.8857
2014,3.2697
2015,3.8177
2016,3.3495
2017,4.1674
2018,3.4393
2019,3.7917
2020,3.3779
2021,3.6942
2022,3.6891
2023,3.8890
2024,3.7214
2025,3.3860
2026,4.1637
2027,3.8537
2028,3.6328
2029,3.5480
2030,4.3632
2031,2.9873
2032,3.9121
2033,3.3185
2034,3.7188
2035,3.5805
2036,4.1553
2037,4.1455
2038,3.6776
2039,3.7703
2040,3.9536
2041,3.8760
2042,3.6296
2043,3.9157
2044,3.4755
2045,4.0986
2046,4.0252
2047,3.6113
2048,3.7525
2049,4.3975
2050,3.4131
2051,3.4752
2052,3.7647
2053,3.5904
2054,3.6877
2055,3.2977
2056,3.8980
2057,3.4921
2058,4.7193
2059,2.7599
2060,3.7225
2061,3.8634
2062,3.8421
2063,3.8124
2064,4.1696
2065,3.2051
2066,3.7070
2067,4.1732
2068,3.4076
2069,3.5644
2070,3.3536
2071,3.9177
2072,3.4287
2073,4.0004
2074,3.7223
2075,3.7585
2076,3.8488
2077,3.3931
2078,3.8873
2079,3.3791
2080,3.7643
2081,3.9270
2082,4.0761
2083,3.2437
2084,4.2916
2085,3.2392
2086,4.0115
2087,3.4049
2088,4.1489
2089,3.4260
2090,3.8572
2091,3.7863
2092,4.0300
2093,3.9013
2094,3.3115
2095,3.8400
2096,3.3512
2097,4.0343
2098,3.3213
2099,3.8294
2100,3.3891
2101,3.8438
2102,3.2599
2103,4.4199
2104,4.0712
2105,3.6474
2106,3.7096
2107,3.7345
2108,4.0188
2109,3.4524
2110,3.9793
2111,3.4311
2112,4.0598
2113,3.6836
2114,3.5611
2115,3.2854
2116,4.0640
2117,3.7799
2118,3.2934
2119,3.2142
2120,3.9302
2121,3.6075
2122,3.6396
2123,4.0443
2124,3.4302
2125,3.3785
2126,4.2868
2127,3.5245
2128,3.3730
2129,3.9764
2130,3.7336
2131,3.4195
2132,3.3727
2133,3.7901
2134,4.2967
2135,3.1009
2136,4.1520
2137,3.2956
2138,3.9043
2139,3.7232
2140,3.9514
2141,3.4357
2142,4.1172
2143,3.5340
2144,3.6935
2145,3.2931
2146,3.8849
2147,3.3390
2148,4.2281
2149,3.7977
2150,3.4064
2151,3.5978
2152,4.0643
2153,3.9591
2154,3.5502
2155,4.8809
2156,2.5929
2157,4.1931
2158,3.3933
2159,3.9212
2160,3.2947
2161,4.2682
2162,3.7971
2163,3.4180
2164,3.8225
2165,3.4847
2166,3.9695
2167,3.3781
2168,3.8476
2169,3.3151
2170,4.6918
2171,3.3943
2172,4.0259
2173,3.3467
2174,4.0078
2175,3.4149
2176,4.3450
2177,3.8875
2178,3.2102
2179,4.2936
2180,3.8116
2181,3.4483
2182,3.4570
2183,4.0668
2184,3.8042
2185,3.3921
2186,3.4837
2187,4.2100
2188,4.4620
2189,2.8185
2190,3.9082
2191,3.2465
2192,4.0063
2193,3.6644
2194,3.4227
2195,3.3825
2196,3.9153
2197,3.5068
2198,3.7332
2199,3.4375
2200,4.0508
2201,3.7160
2202,3.9139
2203,3.4458
2204,3.7066
2205,4.6497
2206,3.1777
2207,3.8058
2208,3.6697
2209,3.7009
2210,3.5119
2211,4.0268
2212,3.3491
2213,3.7444
2214,3.2997
2215,3.9328
2216,3.4666
2217,3.7951
2218,3.3537
2219,4.1303
2220,3.2275
2221,3.8550
2222,3.9417
2223,3.5017
2224,3.7064
2225,4.0544
2226,4.1500
2227,3.3064
2228,4.4366
2229,3.2842
2230,3.5556
2231,3.5061
2232,4.1678
2233,3.0869
2234,3.8538
2235,3.6107
2236,3.5184
2237,3.8072
2238,3.7756
2239,4.2368
2240,3.1887
2241,3.7513
2242,3.6237
2243,4.2658
2244,3.1778
2245,3.7706
2246,3.4547
2247,4.0926
2248,3.8023
2249,3.5507
2250,3.2065
2251,4.2537
2252,4.1088
2253,3.2074
2254,4.0244
2255,3.3949
2256,4.0390
2257,3.5819
2258,3.4793
2259,3.4712
2260,4.3060
2261,3.1144
2262,4.3669
2263,2.9613
2264,4.0572
2265,3.8542
2266,3.4755
2267,3.6440
2268,3.5643
2269,3.7642
2270,3.6011
2271,3.8776
2272,3.4324
2273,4.1321
2274,3.5616
2275,3.8491
2276,3.4064
2277,3.7911
2278,3.7876
2279,3.4001
2280,3.6965
2281,3.7337
2282,3.8793
2283,3.8769
2284,3.6566
2285,3.5165
2286,4.1948
2287,3.2897
2288,3.7835
2289,3.4162
2290,3.6579
2291,3.6259
2292,3.9363
2293,3.5615
2294,3.8651
2295,3.6658
2296,3.8033
2297,4.0092
2298,3.2966
2299,4.1163
2300,3.4231
2301,4.5362
2302,3.2058
2303,3.5168
2304,3.4262
2305,3.8274
2306,3.3236
2307,3.7546
2308,3.3482
2309,4.0803
2310,3.9401
2311,3.5254
2312,3.7713
2313,3.7867
2314,3.8462
2315,3.6824
2316,3.8944
2317,3.4161
2318,4.6107
2319,2.9211
2320,3.7267
2321,3.9030
2322,3.8666
2323,3.5518
2324,3.5880
2325,3.8924
2326,3.8995
2327,3.4601
2328,3.3610
2329,3.8073
2330,3.6301
2331,3.9594
2332,3.3864
2333,3.8208
2334,4.3737
2335,3.0613
2336,3.5481
2337,3.7729
2338,3.9641
2339,3.5301
2340,3.9063
2341,4.0485
2342,3.6905
2343,3.4381
2344,4.0434
2345,3.4547
2346,4.0859
2347,3.8752
2348,3.2152
2349,3.4208
2350,3.9584
2351,4.0197
2352,3.3808
2353,3.5384
2354,4.1188
2355,3.9784
2356,3.1935
2357,3.7584
2358,4.2700
2359,3.4915
2360,3.5820
2361,3.8508
2362,3.2987
2363,4.8318
2364,3.3946
2365,3.4685
2366,3.8175
2367,4.2845
2368,3.3642
2369,3.8247
2370,3.7356
2371,3.5233
2372,4.3584
2373,3.1820
2374,3.9326
2375,2.8535
2376,3.8859
2377,3.3016
2378,3.8803
2379,3.8422
2380,3.2332
2381,3.6458
2382,3.8684
2383,3.9597
2384,3.6924
2385,4.2899
2386,3.7643
2387,4.1974
2388,4.3926
2389,3.9100
2390,4.2544
2391,3.9892
2392,4.0512
2393,3.8282
2394,4.5467
2395,4.2744
2396,3.7255
2397,4.6913
2398,4.1550
2399,4.0347
2400,4.0854
2401,3.5854
2402,4.3664
2403,3.8135
2404,4.1478
2405,4.1359
2406,4.3356
2407,4.3649
2408,4.0576
2409,4.4602
2410,4.3795
2411,3.9286
2412,3.9988
2413,3.8768
2414,4.2182
2415,4.1021
2416,4.0480
2417,4.6448
2418,4.0912
2419,3.9914
2420,4.1047
2421,3.9093
2422,4.1881
2423,3.7026
2424,4.4139
2425,3.7644
2426,4.7844
2427,4.0656
2428,3.6799
2429,4.5639
2430,3.9191
2431,3.7608
2432,4.2687
2433,3.9916
2434,4.0641
2435,3.8113
2436,4.3176
2437,4.2586
2438,4.1879
2439,4.3215
2440,4.1672
2441,3.9914
2442,4.0355
2443,4.1482
2444,4.2909
2445,3.7925
2446,4.5140
2447,4.2295
2448,4.5014
2449,3.6645
2450,3.7099
2451,4.1240
2452,3.8697
2453,4.1984
2454,4.0530
2455,3.7749
2456,4.3456
2457,3.7929
2458,4.4301
2459,4.8646
2460,3.3968
2461,4.5816
2462,3.7851
2463,4.6477
2464,4.2190
2465,4.1695
2466,4.1889
2467,4.4678
2468,4.0821
2469,3.8834
2470,4.0875
2471,4.2328
2472,3.7900
2473,4.3748
2474,3.9331
2475,4.0363
2476,4.1749
2477,3.9996
2478,4.5917
2479,3.6713
2480,4.1230
2481,4.9154
2482,3.3381
2483,4.5157
2484,4.1745
2485,4.4897
2486,3.8425
2487,3.9400
2488,4.2843
2489,4.2565
2490,3.9413
2491,4.4233
2492,3.6725
2493,4.1485
2494,4.1998
2495,3.8809
2496,4.1681
2497,3.8727
2498,4.3637
2499,3.6783
2500,4.4173
2501,4.2465
2502,3.8319
2503,4.4781
2504,4.1652
2505,3.7129
2506,4.4180
2507,3.9810
2508,4.4241
2509,3.2039
2510,4.2555
2511,3.6552
2512,3.6447
2513,3.2738
2514,4.0556
2515,3.7226
2516,3.8939
2517,3.8672
2518,3.4622
2519,3.7865
2520,3.6961
2521,4.1801
2522,3.4495
2523,3.8376
2524,3.3963
2525,4.4023
2526,3.9541
2527,3.3502
2528,3.8070
2529,3.8771
2530,4.2114
2531,3.5793
2532,4.2907
2533,4.2881
2534,3.2939
2535,3.8767
2536,3.5226
2537,4.1076
2538,3.4884
2539,3.9237
2540,3.4492
2541,4.2971
2542,3.6917
2543,4.1189
2544,3.8115
2545,3.6317
2546,3.9943
2547,3.4254
2548,4.2197
2549,3.3049
2550,4.4632
2551,3.5872
2552,3.7926
2553,3.8915
2554,3.8842
2555,4.0583
2556,3.4728
2557,3.6925
2558,3.8691
2559,3.7138
2560,3.6680
2561,4.0908
2562,3.4733
2563,4.3079
2564,3.6429
2565,4.2351
2566,3.9901
2567,3.6093
2568,3.7109
2569,4.0435
2570,3.7790
2571,3.5262
2572,4.2829
2573,4.1520
2574,3.1163
2575,3.8776
2576,3.8040
2577,3.7033
2578,3.3150
2579,4.0475
2580,3.4233
2581,4.0249
2582,3.6625
2583,3.6709
2584,3.3974
2585,4.3290
2586,3.8900
2587,3.4652
2588,3.9021
2589,3.4504
2590,4.0231
2591,3.9861
2592,3.9305
2593,3.5486
2594,4.1163
2595,3.9974
2596,3.4778
2597,3.9886
2598,3.3692
2599,4.0369
2600,3.5814
2601,3.7920
2602,3.4246
2603,4.3686
2604,3.3964
2605,3.9914
2606,3.8438
2607,4.1195
2608,3.7200
2609,3.8173
2610,4.3095
2611,3.1634
2612,4.2178
2613,3.4570
2614,4.0799
2615,3.6622
2616,4.2536
2617,3.5830
2618,3.8710
2619,4.2023
2620,3.3994
2621,4.1713
2622,3.3967
2623,4.2582
2624,3.2499
2625,4.2398
2626,3.6759
2627,4.1639
2628,3.2078
2629,4.0515
2630,3.9726
2631,3.3792
2632,3.8604
2633,3.4360
2634,4.2960
2635,3.8450
2636,3.3706
2637,3.8069
2638,3.9097
2639,3.8981
2640,3.5871
2641,4.6419
2642,3.7165
2643,4.7663
2644,3.5323
2645,4.0686
2646,4.1343
2647,3.5480
2648,4.0383
2649,3.7121
2650,4.2529
2651,3.8023
2652,4.0686
2653,4.0080
2654,4.1043
2655,4.4111
2656,3.7248
2657,4.0746
2658,4.7387
2659,3.3832
2660,4.1949
2661,3.5317
2662,4.5424
2663,3.3916
2664,3.9690
2665,3.7381
2666,4.3915
2667,3.7344
2668,3.5771
2669,4.0343
2670,4.3526
2671,3.9355
2672,4.0103
2673,3.7188
2674,4.0710
2675,3.8227
2676,4.3556
2677,3.6726
2678,4.0997
2679,3.5099
2680,4.7473
2681,4.2230
2682,3.6758
2683,3.9633
2684,4.0595
2685,3.8661
2686,4.1721
2687,4.2076
2688,3.6879
2689,3.5849
2690,4.2466
2691,3.6629
2692,4.4611
2693,4.1805
2694,3.8919
2695,4.0598
2696,3.5214
2697,4.7932
2698,3.6802
2699,3.6634
2700,3.8987
2701,4.0039
2702,4.3183
2703,3.6083
2704,4.0997
2705,4.0179
2706,3.6647
2707,4.0224
2708,4.2201
2709,4.6530
2710,3.3833
2711,4.0255
2712,4.0184
2713,4.6737
2714,3.7425
2715,4.0101
2716,3.9944
2717,3.6998
2718,4.5745
2719,3.9282
2720,3.8791
2721,4.0455
2722,4.1881
2723,4.0805
2724,3.7420
2725,4.8566
2726,4.0910
2727,3.6978
2728,4.2056
2729,3.3761
2730,4.4929
2731,3.9391
2732,3.6226
2733,4.7083
2734,3.1675
2735,4.0081
2736,3.6762
2737,4.3090
2738,4.8115
2739,3.5730
2740,4.4247
2741,3.8099
2742,3.7366
2743,4.4762
2744,4.4123
2745,3.2037
2746,3.8295
2747,4.2036
2748,3.6213
2749,4.0047
2750,4.7117
2751,3.7429
2752,4.1180
2753,3.7261
2754,4.3514
2755,4.1149
2756,3.6677
2757,3.9817
2758,3.7448
2759,4.3168
2760,3.6478
2761,3.9444
2762,5.1792
2763,3.7233
2764,4.1254
2765,3.6509
2766,4.2814
2767,3.5363
2768,3.7429
2769,3.3294
2770,4.0248
2771,3.6135
2772,3.7728
2773,3.7639
2774,3.3264
2775,4.7111
2776,3.4028
2777,3.7499
2778,3.2723
2779,4.1025
2780,3.2699
2781,4.1432
2782,3.6758
2783,3.2443
2784,4.1846
2785,3.1775
2786,3.7803
2787,3.5625
2788,4.5913
2789,3.7230
2790,3.7619
2791,3.3738
2792,4.1613
2793,3.2088
2794,4.0633
2795,3.8923
2796,3.2063
2797,3.9806
2798,3.7206
2799,3.8513
2800,3.4004
2801,4.4410
2802,3.7674
2803,4.0278
2804,3.2839
2805,3.8833
2806,3.3543
2807,3.8459
2808,3.7888
2809,3.4444
2810,3.7779
2811,3.3144
2812,3.8601
2813,3.7097
2814,3.8768
2815,4.0921
2816,3.7767
2817,3.4133
2818,4.0161
2819,3.1325
2820,4.1404
2821,3.3990
2822,3.8284
2823,3.9410
2824,3.2628
2825,3.9494
2826,3.3688
2827,3.9487
2828,3.7877
2829,3.8586
2830,3.4490
2831,3.9035
2832,3.2074
2833,4.1146
2834,3.6074
2835,3.7404
2836,3.2851
2837,3.8993
2838,3.6356
2839,3.8545
2840,3.8681
2841,3.6337
2842,4.0889
2843,3.2581
2844,3.7784
2845,3.4063
2846,3.9175
2847,3.3730
2848,3.9531
2849,3.2051
2850,3.8246
2851,3.4562
2852,3.8824
2853,3.6631
2854,3.7043
2855,3.9343
2856,3.8252
2857,3.8006
2858,3.3805
2859,3.8928
2860,3.8613
2861,3.7123
2862,3.3762
2863,4.1662
2864,3.4472
2865,4.0215
2866,3.3009
2867,4.1816
2868,3.6559
2869,3.5330
2870,3.7447
2871,4.0173
2872,3.9988
2873,3.4883
2874,3.5984
2875,3.7074
2876,3.9553
2877,3.5159
2878,4.2374
2879,3.5727
2880,3.4938
2881,4.0529
2882,3.5266
2883,4.0735
2884,3.6814
2885,3.9278
2886,3.4164
2887,3.6795
2888,3.9219
2889,3.6046
2890,3.4748
2891,3.7614
2892,3.6967
2893,4.2755
2894,3.4022
2895,3.6003
2896,3.6334
2897,4.1600
2898,3.6668
2899,3.5383
2900,3.7183
2901,3.5745
2902,3.8547
2903,3.4349
2904,3.8789
2905,3.5203
2906,3.7976
2907,3.5691
2908,4.0972
2909,3.2338
2910,3.6115
2911,3.8396
2912,3.8722
2913,3.6167
2914,3.5083
2915,3.8553
2916,3.4384
2917,4.4879
2918,2.7145
2919,3.9104
2920,3.5123
2921,3.9895
2922,3.2639
2923,4.0448
2924,3.4151
2925,3.7234
2926,4.2040
2927,3.3049
2928,3.9472
2929,3.5182
2930,4.0989
2931,3.0910
2932,4.0834
2933,3.4681
2934,3.9634
2935,3.5980
2936,4.0056
2937,3.1553
2938,3.9673
2939,3.6624
2940,3.7926
2941,3.7139
2942,3.8116
2943,3.8378
2944,3.4957
2945,3.7354
2946,3.4430
2947,3.8530
2948,3.4030
2949,3.7906
2950,3.6762
2951,4.0594
2952,3.4327
2953,3.8072
2954,3.3771
2955,5.6965
2956,2.3632
2957,3.8229
2958,3.7557
2959,3.4518
2960,3.8011
2961,3.8851
2962,3.6837
2963,3.7970
2964,4.0648
2965,3.3022
2966,3.7594
2967,4.0505
2968,3.8953
2969,3.6027
2970,3.7232
2971,3.8090
2972,3.6202
2973,3.8763
2974,3.5666
2975,3.8185
2976,3.5118
2977,3.9797
2978,4.0449
2979,3.5242
2980,3.8062
2981,3.3753
2982,4.0102
2983,3.7316
2984,3.7983
2985,3.4316
2986,4.0481
2987,3.4385
2988,3.9707
2989,3.1306
2990,3.8968
2991,3.2962
2992,3.9315
2993,3.9229
2994,3.3813
2995,3.8523
2996,3.9285
2997,3.8920
2998,4.3230
2999,3.2202
3000,3.6204
3001,3.7293
3002,3.6203
3003,4.0688
3004,3.7615
3005,3.4643
3006,3.3558
3007,4.1231
3008,4.2449
3009,4.0119
3010,3.2434
3011,3.6935
3012,4.1161
3013,3.8995
3014,3.8940
3015,3.3309
3016,3.8349
3017,3.5306
3018,4.6271
3019,3.5058
3020,3.6990
3021,4.5062
3022,2.7972
3023,3.7560
3024,3.5785
3025,3.8427
3026,3.5820
3027,3.8360
3028,3.3784
3029,3.7765
3030,3.5221
3031,3.9664
3032,3.2909
3033,4.0735
3034,3.3531
3035,4.4064
3036,3.6707
3037,3.3616
3038,3.8192
3039,3.3244
3040,4.0501
3041,3.3026
3042,4.0826
3043,3.4499
3044,3.9294
3045,3.6705
3046,3.9354
3047,3.6513
3048,3.7626
3049,3.4042
3050,4.3188
3051,3.8343
3052,3.3425
3053,4.1622
3054,3.3979
3055,3.7578
3056,3.8190
3057,3.8202
3058,3.9922
3059,3.4677
3060,3.8651
3061,3.4138
3062,3.9590
3063,3.4422
3064,3.7338
3065,3.4541
3066,4.3010
3067,3.3357
3068,4.4717
3069,2.9615
3070,3.7894
3071,3.8388
3072,3.9639
3073,4.1657
3074,3.6415
3075,3.5885
3076,5.0107
3077,2.5730
3078,3.3598
3079,4.1048
3080,3.6209
3081,3.5642
3082,3.3562
3083,4.0528
3084,3.9586
3085,3.7592
3086,3.7742
3087,3.8805
3088,4.5352
3089,3.4709
3090,3.5384
3091,3.5225
3092,4.0364
3093,3.2979
3094,4.1675
3095,3.4947
3096,3.6151
3097,3.8833
3098,3.8101
3099,3.7984
3100,3.8503
3101,3.5899
3102,3.9383
3103,3.7507
3104,3.2800
3105,3.8949
3106,3.2972
3107,4.3364
3108,3.8108
3109,3.5950
3110,3.1383
3111,4.1314
3112,3.7360
3113,3.9235
3114,3.3690
3115,3.6371
3116,3.8856
3117,3.4313
3118,4.0435
3119,3.3784
3120,4.2750
3121,3.9663
3122,3.4028
3123,3.8504
3124,3.4818
3125,4.0037
3126,3.4887
3127,3.7291
3128,3.7446
3129,3.9230
3130,3.5916
3131,3.7537
3132,3.4633
3133,4.1866
3134,3.7960
3135,3.7473
3136,3.6833
3137,3.3238
3138,3.7938
3139,3.8254
3140,3.9892
3141,3.1661
3142,3.8603
3143,3.9775
3144,3.9301
3145,3.4956
3146,3.9881
3147,3.3574
3148,3.7444
3149,3.4532
3150,3.6496
3151,3.8852
3152,3.9254
3153,4.1991
3154,4.1852
3155,2.8670
3156,3.9284
3157,4.0491
3158,3.5568
3159,3.9035
3160,3.0502
3161,4.0580
3162,3.3882
3163,3.8000
3164,3.6972
3165,3.8040
3166,3.9150
3167,3.9422
3168,3.2162
3169,3.6638
3170,3.5930
3171,3.7571
3172,3.9812
3173,3.5440
3174,3.6695
3175,3.8010
3176,3.8230
3177,3.8246
3178,3.7666
3179,3.6487
3180,3.4774
3181,3.9949
3182,3.0918
3183,3.9591
3184,3.6613
3185,3.8622
3186,3.8429
3187,3.6934
3188,3.7283
3189,3.5796
3190,3.3115
3191,4.1814
3192,3.5806
3193,3.5648
3194,3.2717
3195,3.9800
3196,3.9491
3197,3.6103
3198,3.8797
3199,3.2619
3200,4.3933
3201,3.2443
3202,3.9433
3203,3.6449
3204,3.6875
3205,3.4440
3206,4.1393
3207,3.6811
3208,3.5515
3209,3.4942
3210,4.1188
3211,3.7436
3212,3.1674
3213,3.9371
3214,3.4578
3215,3.8771
3216,3.4825
3217,3.8538
3218,3.5948
3219,4.2243
3220,3.1822
3221,3.9938
3222,3.2632
3223,4.3141
3224,3.9448
3225,3.2140
3226,3.7832
3227,3.7183
3228,3.7592
3229,4.2375
3230,3.5998
3231,3.3264
3232,4.0216
3233,3.6711
3234,3.7010
3235,3.5696
3236,4.1513
3237,4.0447
3238,3.2761
3239,3.6337
3240,3.5073
3241,4.2546
3242,3.4204
3243,3.7578
3244,3.4688
3245,4.0940
3246,3.8886
3247,3.4249
3248,3.4867
3249,3.7025
3250,3.7334
3251,3.8285
3252,3.8718
3253,3.4233
3254,4.1994
3255,3.7609
3256,3.6761
3257,3.3375
3258,4.0684
3259,3.3876
3260,3.8182
3261,3.2339
3262,4.0574
3263,3.3579
3264,3.8249
3265,3.6794
3266,3.4012
3267,3.8319
3268,4.1207
3269,3.7620
3270,3.5651
3271,3.6841
3272,3.4649
3273,3.6434
3274,3.3755
3275,3.8383
3276,3.3964
3277,4.2282
3278,3.7432
3279,3.4701
3280,3.3605
3281,4.1179
3282,3.8711
3283,3.8153
3284,3.9663
3285,3.5146
3286,3.4985
3287,3.7061
3288,4.8680
3289,2.4367
3290,3.9345
3291,3.3426
3292,3.7794
3293,3.9045
3294,3.8614
3295,3.5164
3296,3.9591
3297,3.7189
3298,3.7492
3299,2.8957
3300,4.3980
3301,3.3014
3302,3.9096
3303,4.2289
3304,3.5852
3305,4.1158
3306,3.0019
3307,3.7609
3308,3.4626
3309,4.8659
3310,3.4954
3311,3.7371
3312,3.8107
3313,5.1952
3314,2.1616
3315,3.5212
3316,3.8568
3317,3.2261
3318,4.2477
3319,3.3432
3320,3.5954
3321,3.2624
3322,4.2087
3323,3.2740
3324,3.6004
3325,3.6918
3326,4.2909
3327,3.9722
3328,3.6597
3329,4.0264
3330,3.3810
3331,4.4051
3332,3.5591
3333,3.7646
3334,3.5973
3335,3.9489
3336,3.9790
3337,3.8231
3338,4.0902
3339,3.6426
3340,3.6263
3341,3.6736
3342,3.9642
3343,3.6393
3344,4.2369
3345,4.1259
3346,4.0264
3347,3.1415
3348,3.5570
3349,3.8497
3350,3.6784
3351,3.6678
3352,3.4189
3353,3.9865
3354,3.3407
3355,3.6263
3356,3.4137
3357,3.8363
3358,3.4372
3359,3.8801
3360,3.9325
3361,3.3598
3362,4.1564
3363,3.7128
3364,3.6885
3365,3.5031
3366,3.7551
3367,4.1748
3368,3.5636
3369,3.2967
3370,4.3250
3371,4.5039
3372,3.1235
3373,3.9236
3374,3.4121
3375,5.5888
3376,1.9281
3377,3.7219
3378,3.2534
3379,4.3402
3380,3.5000
3381,3.7146
3382,3.5712
3383,4.3893
3384,3.1291
3385,4.1819
3386,3.8285
3387,3.4436
3388,4.2624
3389,3.8531
3390,3.8448
3391,3.6103
3392,4.3510
3393,3.8938
3394,3.2565
3395,3.5271
3396,4.4204
3397,3.4392
3398,4.1946
3399,3.9521
3400,5.0623
3401,2.3948
3402,3.6646
3403,3.7188
3404,3.9283
3405,3.5922
3406,3.4208
3407,4.6335
3408,4.4221
3409,4.2660
3410,2.3593
3411,4.3067
3412,4.9825
3413,2.4485
3414,4.0183
3415,4.2994
3416,4.3674
3417,2.2405
3418,3.8353
3419,3.6968
3420,4.1500
3421,3.7813
3422,3.3449
3423,4.4060
3424,3.4806
3425,3.7597
3426,3.7871
3427,3.7186
3428,3.7241
3429,4.3851
3430,3.6857
3431,3.3476
3432,4.8924
3433,2.8557
3434,3.7356
3435,3.6633
3436,4.5070
3437,3.3516
3438,4.0064
3439,3.2138
3440,4.1272
3441,3.9085
3442,3.6752
3443,4.3686
3444,3.8585
3445,3.7631
3446,4.0259
3447,3.6424
3448,4.2101
3449,3.3116
3450,4.3398
3451,3.7212
3452,4.1073
3453,3.9819
3454,4.2190
3455,4.0155
3456,3.2482
3457,4.1327
3458,3.5476
3459,3.7401
3460,3.4121
3461,4.0344
3462,3.1865
3463,4.1617
3464,3.7943
3465,4.8352
3466,2.2183
3467,4.3330
3468,3.8583
3469,3.7824
3470,3.6559
3471,3.3738
3472,4.1443
3473,3.4935
3474,4.2471
3475,3.3999
3476,4.2682
3477,3.9624
3478,3.6307
3479,3.8951
3480,3.9360
3481,3.7420
3482,3.6112
3483,3.8592
3484,3.5981
3485,4.1672
3486,3.9374
3487,3.3965
3488,4.0642
3489,4.0124
3490,4.5065
3491,3.1735
3492,3.7816
3493,3.5264
3494,4.5634
3495,4.2515
3496,3.4475
3497,4.2412
3498,3.5832
3499,4.1018
3500,3.5532
3501,4.4638
3502,3.9338
3503,3.4379
3504,4.0269
3505,4.1253
3506,3.9264
3507,3.6819
3508,3.7972
3509,3.2718
3510,4.1465
3511,3.5313
3512,3.9902
3513,3.8706
3514,4.2934
3515,3.2550
3516,3.5291
3517,3.9147
3518,4.1233
3519,3.4641
3520,3.4088
3521,4.0302
3522,4.4130
3523,3.7641
3524,3.6884
3525,3.6722
3526,4.5194
3527,3.4103
3528,4.0920
3529,3.9186
3530,4.0794
3531,3.6490
3532,3.8060
3533,4.0566
3534,3.9636
3535,15.4667
3536,0.9672
3537,2.9426
3538,3.7543
3539,3.8033
3540,3.9694
3541,3.4043
3542,3.8012
3543,3.1618
3544,4.0850
3545,3.3606
3546,3.9630
3547,3.4004
3548,4.4646
3549,3.2149
3550,4.3998
3551,3.6698
3552,4.8321
3553,2.9689
3554,3.6172
3555,3.9250
3556,3.4188
3557,4.3250
3558,4.1248
3559,3.4898
3560,14.5485
3561,0.5049
3562,3.8996
3563,3.8744
3564,3.8174
3565,3.6179
3566,4.0909
3567,5.6939
3568,2.0554
3569,4.1775
3570,7.3065
3571,0.4905
3572,4.2268
3573,2.6577
3574,4.0905
3575,3.7156
3576,5.3653
3577,2.2480
3578,3.6782
3579,3.5687
3580,3.3699
3581,4.2555
3582,3.8712
3583,3.7953
3584,4.3110
3585,3.3952
3586,3.7417
3587,3.7499
3588,3.6666
3589,3.5116
3590,7.3904
3591,0.5234
3592,3.9086
3593,3.7982
3594,3.7777
3595,4.2146
3596,3.3237
3597,3.7406
3598,3.4263
3599,4.4956
3600,3.8865
3601,3.7688
3602,4.2166
3603,3.5287
3604,4.1484
3605,3.5390
3606,4.6679
3607,3.6176
3608,3.7094
3609,4.0559
3610,3.6009
3611,4.4566
3612,3.3084
3613,3.8353
3614,3.9394
3615,3.8840
3616,4.1952
3617,3.7371
3618,3.7816
3619,3.4386
3620,4.3368
3621,3.3324
3622,3.9351
3623,3.8831
3624,4.1115
3625,4.3361
3626,3.7565
3627,4.0104
3628,3.4206
3629,3.9169
3630,3.3802
3631,4.0532
3632,3.8761
3633,4.0201
3634,3.8469
3635,3.4827
3636,4.4135
3637,3.8280
3638,4.1744
3639,3.9406
3640,3.5593
3641,4.0304
3642,3.3965
3643,4.0222
3644,4.2317
3645,3.5827
3646,3.5264
3647,4.2177
3648,4.2950
3649,3.9515
3650,3.9702
3651,3.6207
3652,4.6692
3653,3.2007
3654,4.2485
3655,3.9421
3656,3.6061
3657,4.1883
3658,3.8152
3659,4.2037
3660,3.4987
3661,4.0584
3662,3.5206
3663,3.9651
3664,3.6647
3665,3.8683
3666,3.3964
3667,4.5372
3668,4.0693
3669,3.6044
3670,4.1400
3671,3.5656
3672,4.6684
3673,2.9454
3674,3.9652
3675,4.0495
3676,4.3384
3677,4.0218
3678,3.5560
3679,4.3310
3680,4.2242
3681,3.5098
3682,3.8433
3683,3.5381
3684,4.4246
3685,3.3254
3686,4.0230
3687,3.5306
3688,4.3237
3689,3.9219
3690,3.5501
3691,3.9712
3692,3.9066
3693,3.9472
3694,3.5139
3695,3.9029
3696,3.7290
3697,4.1634
3698,3.9202
3699,3.5885
3700,3.8691
3701,3.9955
3702,4.1497
3703,3.4559
3704,4.0237
3705,3.4035
3706,3.9475
3707,3.5249
3708,4.1984
3709,3.2599
3710,4.3455
3711,3.7920
3712,3.7074
3713,4.2078
3714,3.5645
3715,3.9223
3716,3.5566
3717,3.7382
3718,3.9526
3719,3.8293
3720,4.1048
3721,3.6114
3722,4.1654
3723,3.6322
3724,3.9776
3725,3.8851
3726,3.7806
3727,3.8450
3728,4.0158
3729,3.7838
3730,3.6001
3731,4.5912
3732,3.4308
3733,3.7640
3734,3.5907
3735,4.2265
3736,4.1215
3737,3.3173
3738,4.0394
3739,3.5997
3740,4.6046
3741,3.4307
3742,4.0272
3743,4.9744
3744,2.9207
3745,3.9966
3746,3.3117
3747,3.8075
3748,3.8132
3749,3.8777
3750,3.5362
3751,3.8952
3752,3.7266
3753,3.8841
3754,3.5828
3755,4.0422
3756,3.5162
3757,3.9850
3758,3.9844
3759,3.6368
3760,4.0126
3761,3.7882
3762,3.7440
3763,3.3793
3764,4.4972
3765,3.0273
3766,4.6893
3767,3.6509
3768,3.5251
3769,3.8596
3770,3.4238
3771,4.3356
3772,3.6886
3773,3.9457
3774,3.4696
3775,4.3260
3776,4.4604
3777,3.2001
3778,4.3740
3779,3.5400
3780,4.2294
3781,3.2583
3782,4.1985
3783,4.3224
3784,3.5937
3785,3.8785
3786,3.7177
3787,4.5629
3788,3.4812
3789,4.1411
3790,3.9346
3791,3.7331
3792,4.1009
3793,3.9525
3794,3.8964
3795,3.4733
3796,4.7864
3797,2.9908
3798,3.8845
3799,3.5831
3800,4.3502
3801,3.9207
3802,3.4100
3803,3.8909
3804,3.5328
3805,4.2180
3806,3.6786
3807,3.8191
3808,4.0987
3809,4.2670
3810,3.7804
3811,3.6600
3812,3.8141
3813,3.5604
3814,4.1583
3815,3.5917
3816,4.3009
3817,3.1777
3818,4.2425
3819,3.9014
3820,4.4418
3821,3.0426
3822,4.0911
3823,3.8249
3824,3.8942
3825,3.3918
3826,3.6209
3827,4.3848
3828,3.8638
3829,3.2748
3830,3.9483
3831,3.7441
3832,3.9214
3833,3.2093
3834,3.8665
3835,3.3746
3836,4.1164
3837,3.2448
3838,3.8393
3839,3.6797
3840,4.0551
3841,4.0445
3842,3.2445
3843,3.9354
3844,3.7536
3845,3.9360
3846,3.4515
3847,3.7525
3848,3.6191
3849,4.4873
3850,3.4021
3851,3.7637
3852,3.3369
3853,4.5946
3854,3.8561
3855,3.4468
3856,3.8298
3857,3.4175
3858,4.1170
3859,3.3145
3860,3.9455
3861,3.0917
3862,4.0909
3863,3.7578
3864,3.6796
3865,3.7654
3866,4.6458
3867,3.0267
3868,3.7678
3869,3.8061
3870,3.4265
3871,3.8006
3872,3.8131
3873,3.9435
3874,3.5187
3875,4.1005
3876,3.7471
3877,3.7748
3878,3.9267
3879,3.4300
3880,3.4682
3881,4.2275
3882,3.6531
3883,3.4545
3884,3.7702
3885,3.5494
3886,3.9022
3887,5.0838
3888,2.1777
3889,4.1997
3890,3.3398
3891,3.4334
3892,4.3479
3893,3.6119
3894,3.8467
3895,3.9483
3896,3.4686
3897,4.1695
3898,3.6559
3899,3.8920
3900,3.3975
3901,4.3080
3902,3.3547
3903,3.8625
3904,4.0749
3905,3.1124
3906,3.9223
3907,3.9540
3908,3.8370
3909,3.3873
3910,3.9349
3911,3.4991
3912,3.8144
3913,3.5416
3914,3.6622
3915,3.5152
3916,5.0210
3917,3.3246
3918,3.5158
3919,4.1212
3920,3.5629
3921,4.2290
3922,3.2523
3923,3.9318
3924,3.7125
3925,3.4669
3926,3.9327
3927,3.2500
3928,3.6416
3929,4.1476
3930,3.8177
3931,3.3591
3932,3.9791
3933,3.9322
3934,4.0408
3935,3.7053
3936,3.6334
3937,3.4104
3938,4.5318
3939,3.3823
3940,3.8369
3941,4.1791
3942,3.7235
3943,4.0466
3944,3.3399
3945,3.9066
3946,3.3111
3947,4.3999
3948,4.0321
3949,3.3024
3950,3.8492
3951,3.9364
3952,3.8873
3953,4.0368
3954,3.4868
3955,3.6972
3956,3.8895
3957,3.3409
3958,3.8996
3959,3.3534
3960,3.9383
3961,3.8722
3962,3.5210
3963,3.4837
3964,3.9840
3965,3.9254
3966,3.8913
3967,4.1175
3968,3.0327
3969,4.2180
3970,3.4909
3971,4.1212
3972,3.7099
3973,4.1017
3974,3.7522
3975,3.6175
3976,3.6144
3977,3.7531
3978,4.0096
3979,3.5912
3980,3.6724
3981,3.5513
3982,4.0796
3983,4.2153
3984,3.0657
3985,3.5076
3986,4.1567
3987,3.9353
3988,3.5018
3989,3.6587
3990,3.5979
3991,3.8698
3992,3.4268
3993,4.2278
3994,3.2749
3995,3.9796
3996,3.6501
3997,3.6715
3998,3.8659
3999,3.7700
4000,3.8408
4001,3.8644
4002,3.7854
4003,3.4806
4004,3.8174
4005,3.8430
4006,3.9225
4007,3.2953
4008,4.1729
4009,3.4081
4010,3.8958
4011,3.7747
4012,3.6017
4013,3.7878
4014,3.9063
4015,4.0224
4016,3.4180
4017,4.2181
4018,3.5714
4019,3.7853
4020,4.4903
4021,3.2909
4022,3.7959
4023,3.4752
4024,3.8631
4025,3.5314
4026,3.9826
4027,3.4232
4028,3.9442
4029,3.3761
4030,4.2896
4031,3.6562
4032,3.8952
4033,3.8539
4034,3.8441
4035,3.8767
4036,3.3984
4037,4.1194
4038,3.3763
4039,3.9955
4040,3.3805
4041,4.3338
4042,3.0211
4043,4.1916
4044,3.3632
4045,3.8882
4046,3.9536
4047,3.3131
4048,3.9508
4049,4.9655
4050,2.7922
4051,3.5352
4052,4.1913
4053,3.3721
4054,4.3003
4055,3.5574
4056,3.5427
4057,3.8260
4058,4.0187
4059,3.9484
4060,3.6269
4061,3.8063
4062,3.6457
4063,3.9046
4064,3.5270
4065,4.5244
4066,3.3593
4067,3.9711
4068,3.8370
4069,3.9338
4070,3.5377
4071,3.8581
4072,3.8760
4073,3.3922
4074,4.0779
4075,3.4271
4076,3.9687
4077,3.3839
4078,4.2403
4079,3.7170
4080,3.8253
4081,3.8771
4082,3.3191
4083,4.0771
4084,9.1865
4085,1.3081
4086,2.7517
4087,3.3805
4088,3.8324
4089,3.6761
4090,4.1081
4091,3.3900
4092,3.8368
4093,3.3738
4094,4.2672
4095,2.9579
4096,4.2132
4097,3.4891
4098,3.5339
4099,3.3218
4100,3.9143
4101,3.5989
4102,4.5708
4103,3.2656
4104,3.8073
4105,3.9007
4106,3.7122
4107,3.9780
4108,3.3209
4109,4.3202
4110,3.3411
4111,3.8410
4112,3.8119
4113,3.3200
4114,3.8851
4115,3.5838
4116,3.7054
4117,3.2355
4118,3.9881
4119,3.6458
4120,3.8274
4121,3.3159
4122,4.1589
4123,3.0096
4124,4.5415
4125,3.6780
4126,3.6421
4127,4.2609
4128,3.4480
4129,3.8126
4130,3.3470
4131,3.9932
4132,3.5524
4133,3.9151
4134,3.2213
4135,4.1544
4136,3.4178
4137,4.0286
4138,3.3322
4139,4.1362
4140,3.8298
4141,4.1627
4142,3.5135
4143,3.7790
4144,3.7517
4145,3.5033
4146,3.8749
4147,3.3189
4148,3.8819
4149,3.3442
4150,4.1022
4151,3.3526
4152,3.7781
4153,3.6980
4154,3.9463
4155,3.9101
4156,3.7021
4157,3.6103
4158,3.6140
4159,4.1985
4160,3.6664
4161,3.7468
4162,3.3248
4163,3.9613
4164,3.5510
4165,4.0034
4166,3.3009
4167,3.6317
4168,3.6630
4169,4.5941
4170,3.4465
4171,3.5890
4172,4.0510
4173,3.5604
4174,4.0412
4175,3.3920
4176,3.7398
4177,3.7278
4178,4.1435
4179,3.4029
4180,3.9714
4181,3.6782
4182,4.0301
4183,3.8211
4184,3.3308
4185,4.2622
4186,3.5706
4187,3.7921
4188,3.3970
4189,4.0054
4190,3.7435
4191,3.7969
4192,3.9580
4193,3.5601
4194,3.7640
4195,3.8886
4196,3.8756
4197,3.3885
4198,3.8544
4199,3.1997
4200,4.1505
4201,3.5399
4202,3.9862
4203,3.1218
4204,4.4787
4205,3.8402
4206,4.0836
4207,3.5291
4208,3.7360
4209,3.9396
4210,3.6463
4211,3.9308
4212,3.3662
4213,3.7529
4214,3.5186
4215,3.8412
4216,3.5042
4217,4.2625
4218,4.0633
4219,3.6156
4220,3.5852
4221,3.6812
4222,4.3780
4223,3.3969
4224,3.9203
4225,3.4776
4226,4.1155
4227,3.8217
4228,3.4282
4229,4.0737
4230,3.6294
4231,4.2520
4232,2.7284
4233,3.9683
4234,3.2573
4235,4.0485
4236,3.4677
4237,3.7671
4238,3.3006
4239,4.3776
4240,3.3210
4241,3.6670
4242,3.8769
4243,3.3964
4244,3.7892
4245,3.9448
4246,3.8937
4247,3.3905
4248,4.3449
4249,3.0958
4250,3.8803
4251,3.4225
4252,4.4793
4253,3.2861
4254,3.8643
4255,3.7318
4256,3.5210
4257,4.0289
4258,3.6502
4259,3.8896
4260,3.5309
4261,3.9401
4262,3.3738
4263,3.8632
4264,3.3654
4265,3.9935
4266,3.4054
4267,4.0865
4268,3.5475
4269,3.6322
4270,3.3340
4271,3.9572
4272,3.7920
4273,3.4232
4274,3.8220
4275,3.3632
4276,3.9379
4277,3.4330
4278,3.8234
4279,3.4268
4280,4.1267
4281,3.1915
4282,4.2672
4283,3.2435
4284,3.9376
4285,3.4329
4286,3.7929
4287,3.9401
4288,3.3810
4289,3.4140
4290,4.3065
4291,3.9910
4292,3.9454
4293,3.3892
4294,3.9026
4295,3.8604
4296,3.3029
4297,3.9809
4298,3.4222
4299,3.8844
4300,3.8180
4301,3.4080
4302,3.7642
4303,4.0714
4304,3.8377
4305,3.3460
4306,4.3136
4307,3.8339
4308,3.6111
4309,3.3232
4310,3.7803
4311,3.7460
4312,3.7617
4313,3.2426
4314,3.8415
4315,3.7082
4316,4.3026
4317,3.7894
4318,3.4743
4319,4.2987
4320,3.4279
4321,3.8149
4322,3.4786
4323,3.9497
4324,3.5308
4325,4.3455
4326,3.6037
4327,3.6044
4328,3.5120
4329,3.9966
4330,3.8839
4331,3.3603
4332,3.9235
4333,3.5269
4334,3.8161
4335,3.6344
4336,4.3176
4337,3.0989
4338,4.2721
4339,3.7965
4340,4.8247
4341,2.6495
4342,3.9446
4343,3.8230
4344,3.4504
4345,3.9918
4346,3.4206
4347,3.8193
4348,3.5271
4349,4.0417
4350,3.3022
4351,4.0682
4352,3.9388
4353,3.8137
4354,3.6490
4355,3.4727
4356,4.0772
4357,3.4350
4358,3.8282
4359,3.3937
4360,4.3282
4361,4.0249
4362,3.3863
4363,3.2684
4364,4.2530
4365,3.6369
4366,3.6270
4367,3.6809
4368,3.3638
4369,3.9978
4370,3.6314
4371,4.0735
4372,3.4675
4373,3.8958
4374,3.4261
4375,3.9351
4376,3.2983
4377,3.7239
4378,3.7611
4379,4.0267
4380,3.8459
4381,3.5909
4382,4.2272
4383,3.3295
4384,3.4755
4385,3.4543
4386,4.1506
4387,3.1536
4388,3.7213
4389,3.6078
4390,3.6484
4391,3.4559
4392,3.8392
4393,3.8396
4394,3.2942
4395,4.2598
4396,3.4118
4397,3.8320
4398,3.5266
4399,3.9794
4400,3.4971
4401,3.8137
4402,3.2523
4403,3.8233
4404,3.5531
4405,4.2924
4406,3.7853
4407,3.4856
4408,3.6490
4409,3.6875
4410,3.7553
4411,3.2713
4412,4.1168
4413,3.3271
4414,3.8703
4415,4.0736
4416,3.5731
4417,3.3605
4418,4.0333
4419,3.5431
4420,3.8454
4421,3.3715
4422,3.6560
4423,3.2980
4424,4.0991
4425,3.2712
4426,3.7199
4427,3.9287
4428,4.1785
4429,3.4493
4430,3.7876
4431,4.2102
4432,3.2677
4433,3.8211
4434,3.3029
4435,3.8509
4436,3.4779
4437,4.1156
4438,3.8641
4439,3.4329
4440,3.5822
4441,4.2160
4442,3.9202
4443,3.5454
4444,3.7994
4445,3.9442
4446,3.2725
4447,3.8976
4448,3.8648
4449,3.7973
4450,3.4340
4451,3.4341
4452,3.7198
4453,3.5163
4454,3.8952
4455,3.5358
4456,3.6189
4457,3.7755
4458,3.4957
4459,3.6751
4460,3.8077
4461,3.8801
4462,3.7684
4463,3.7195
4464,3.4892
4465,3.6717
4466,3.7112
4467,3.4524
4468,3.4299
4469,4.2739
4470,3.8645
4471,3.3794
4472,3.7574
4473,3.8457
4474,4.0173
4475,3.9144
4476,3.4191
4477,3.8418
4478,4.4880
4479,2.6996
4480,3.7409
4481,3.3308
4482,4.0746
4483,3.5013
4484,3.6701
4485,3.4627
4486,4.2153
4487,4.0866
4488,3.0848
4489,4.1021
4490,3.5244
4491,4.0731
4492,3.3696
4493,3.8646
4494,3.2117
4495,4.3374
4496,3.6235
4497,3.4514
4498,3.3594
4499,3.7848
4500,3.8714
4501,3.2319
4502,3.8011
4503,3.4725
4504,3.9070
4505,3.9450
4506,4.1628
4507,4.9917
4508,2.4406
4509,3.7073
4510,3.5765
4511,3.6975
4512,3.3410
4513,3.3616
4514,3.8210
4515,4.0044
4516,3.4577
4517,3.8013
4518,3.7400
4519,3.8378
4520,3.6675
4521,3.7400
4522,3.3692
4523,3.8250
4524,3.5954
4525,3.9080
4526,3.2441
4527,4.2373
4528,3.3325
4529,3.7315
4530,3.4071
4531,3.9384
4532,3.6689
4533,3.7328
4534,3.8806
4535,3.3408
4536,3.7897
4537,3.7728
4538,3.9310
4539,3.3279
4540,4.1000
4541,3.5595
4542,3.5997
4543,3.3306
4544,3.8010
4545,3.5236
4546,3.6372
4547,3.5810
4548,3.5811
4549,3.4263
4550,4.2638
4551,3.4077
4552,3.4339
4553,3.9407
4554,3.9250
4555,3.7989
4556,3.3852
4557,3.8558
4558,3.6487
4559,3.9863
4560,3.2532
4561,3.8126
4562,3.6313
4563,4.0465
4564,3.8075
4565,3.4084
4566,3.6695
4567,3.8687
4568,3.8093
4569,3.3614
4570,3.8451
4571,3.3587
4572,4.2572
4573,3.4019
4574,3.9930
4575,3.1655
4576,4.1087
4577,3.3534
4578,3.6812
4579,3.7802
4580,3.3814
4581,3.4328
4582,4.0472
4583,4.2620
4584,3.0992
4585,3.8123
4586,3.3719
4587,4.2548
4588,3.1858
4589,3.9126
4590,3.4572
4591,3.8500
4592,3.4742
4593,3.7108
4594,3.5492
4595,4.1896
4596,3.7091
4597,3.4102
4598,3.8055
4599,4.0298
4600,4.0564
4601,3.3659
4602,3.7803
4603,3.4240
4604,4.1452
4605,3.4173
4606,3.7319
4607,3.4603
4608,4.1068
4609,3.3018
4610,4.7354
4611,2.6990
4612,3.9039
4613,3.9955
4614,3.5029
4615,3.7543
4616,3.6074
4617,3.5451
4618,4.0526
4619,3.5299
4620,3.4769
4621,3.8750
4622,3.3491
4623,4.1506
4624,3.2493
4625,3.9968
4626,3.4303
4627,3.9842
4628,3.6793
4629,3.6940
4630,3.4429
4631,3.9462
4632,3.8118
4633,3.4089
4634,4.2070
4635,3.7299
4636,3.5941
4637,3.5502
4638,3.5933
4639,3.6088
4640,4.3907
4641,3.8854
4642,3.5743
4643,3.5230
4644,3.5535
4645,4.0318
4646,3.3891
4647,3.8240
4648,3.4450
4649,3.8043
4650,3.4835
4651,3.5887
4652,3.6735
4653,4.0418
4654,3.9974
4655,3.1755
4656,3.7508
4657,3.7659
4658,3.9256
4659,3.5526
4660,3.9972
4661,3.3464
4662,3.9687
4663,3.3933
4664,4.2459
4665,2.9165
4666,3.7327
4667,3.8082
4668,3.6337
4669,3.3033
4670,3.7290
4671,4.2080
4672,3.4895
4673,3.8552
4674,3.7128
4675,3.4411
4676,3.9105
4677,3.9144
4678,3.5151
4679,5.0275
4680,2.5545
4681,3.9888
4682,3.4801
4683,3.9919
4684,3.3446
4685,4.4600
4686,3.9714
4687,3.3352
4688,3.5790
4689,3.8267
4690,3.7828
4691,3.4244
4692,3.8686
4693,3.3329
4694,4.0205
4695,3.4858
4696,3.6131
4697,3.3702
4698,3.9947
4699,3.8767
4700,3.3063
4701,3.2617
4702,4.4567
4703,3.7225
4704,3.5632
4705,3.6976
4706,3.4598
4707,3.6098
4708,3.3749
4709,3.7273
4710,3.3635
4711,4.2055
4712,3.3110
4713,3.8981
4714,3.2311
4715,3.7521
4716,3.8747
4717,3.5864
4718,3.3090
4719,3.8899
4720,3.3170
4721,5.5205
4722,2.6835
4723,3.5745
4724,4.0407
4725,3.5460
4726,4.1360
4727,3.0045
4728,3.8850
4729,3.5081
4730,3.8080
4731,3.3087
4732,3.8273
4733,3.2091
4734,4.0604
4735,3.5695
4736,3.4737
4737,4.0044
4738,3.3670
4739,3.4175
4740,3.7814
4741,3.9420
4742,3.2889
4743,3.9580
4744,3.8770
4745,3.5616
4746,3.3442
4747,4.2222
4748,3.7418
4749,3.8556
4750,3.8966
4751,3.2117
4752,3.8548
4753,3.7359
4754,3.9279
4755,3.5451
4756,3.1935
4757,4.4457
4758,3.6320
4759,4.8176
4760,2.7035
4761,3.2499
4762,4.1730
4763,3.3839
4764,3.7321
4765,3.3024
4766,4.1721
4767,3.7060
4768,3.5882
4769,3.8172
4770,3.7591
4771,3.6796
4772,3.6408
4773,3.4109
4774,3.5881
4775,3.9733
4776,3.6912
4777,3.7226
4778,3.3228
4779,3.8508
4780,3.8560
4781,3.4188
4782,3.2639
4783,3.7463
4784,3.5123
4785,4.0035
4786,3.8572
4787,3.8588
4788,3.6082
4789,4.1657
4790,3.1750
4791,3.5050
4792,3.7788
4793,3.3523
4794,3.8409
4795,3.5290
4796,3.6256
4797,3.5046
4798,4.0044
4799,3.4292
4800,3.7821
4801,3.3509
4802,4.2489
4803,3.6353
4804,3.3801
4805,3.8723
4806,3.8797
4807,4.1490
4808,3.5063
4809,3.6395
4810,3.6932
4811,3.9610
4812,3.1265
4813,4.1148
4814,4.7090
4815,2.6264
4816,3.6930
4817,3.3202
4818,3.8111
4819,3.6705
4820,4.0399
4821,3.4558
4822,3.9862
4823,3.2624
4824,4.0024
4825,3.4687
4826,3.6918
4827,3.4975
4828,3.7299
4829,3.3741
4830,4.2529
4831,3.1707
4832,3.7350
4833,3.9063
4834,3.3465
4835,3.8501
4836,3.4122
4837,3.8335
4838,3.7003
4839,4.0176
4840,3.7503
4841,3.9445
4842,3.1804
4843,3.9044
4844,3.4853
4845,3.8037
4846,3.9064
4847,3.6121
4848,3.7537
4849,3.4723
4850,3.6527
4851,3.5804
4852,4.3264
4853,3.6405
4854,3.8793
4855,3.3086
4856,3.8448
4857,3.5686
4858,3.5158
4859,3.4200
4860,3.7588
4861,3.5553
4862,3.7271
4863,3.3381
4864,3.7163
4865,3.8798
4866,4.5894
4867,3.2894
4868,3.3835
4869,4.0820
4870,3.4612
4871,3.8248
4872,3.4714
4873,3.6348
4874,3.5137
4875,4.0986
4876,3.5450
4877,3.6274
4878,3.7568
4879,3.8994
4880,3.6913
4881,3.6662
4882,3.7679
4883,3.8780
4884,3.7629
4885,3.3938
4886,3.8755
4887,3.5571
4888,4.0058
4889,3.4141
4890,3.8313
4891,3.5658
4892,3.8485
4893,3.7936
4894,3.7678
4895,4.2163
4896,3.0214
4897,3.8694
4898,3.8196
4899,3.8774
4900,3.2566
4901,4.0813
4902,3.3588
4903,4.0527
4904,3.3144
4905,3.8906
4906,3.8182
4907,3.5297
4908,3.9541
4909,3.2390
4910,3.3327
4911,4.9239
4912,2.9015
4913,3.6137
4914,4.0852
4915,3.5702
4916,3.5994
4917,3.3310
4918,3.8831
4919,3.4515
4920,3.7827
4921,3.4309
4922,3.7545
4923,3.7015
4924,3.8691
4925,3.6789
4926,3.4281
4927,3.6868
4928,4.1087
4929,3.7752
4930,3.7223
4931,3.5018
4932,3.6140
4933,4.1843
4934,3.4863
4935,4.2384
4936,4.2517
4937,3.2133
4938,3.8486
4939,3.6486
4940,3.7556
4941,3.4524
4942,3.5919
4943,4.1761
4944,3.8268
4945,3.6793
4946,3.8409
4947,3.4195
4948,4.4610
4949,2.9331
4950,4.4164
4951,3.2733
4952,3.8224
4953,3.7918
4954,3.7353
4955,3.6182
4956,3.6418
4957,4.1193
4958,3.3082
4959,3.7563
4960,3.6267
4961,4.7492
4962,2.6004
4963,3.6046
4964,3.6168
4965,3.9118
4966,3.8335
4967,3.3656
4968,3.8126
4969,3.5126
4970,3.8702
4971,3.7139
4972,3.6231
4973,3.3997
4974,3.9322
4975,3.6692
4976,3.5710
4977,3.3698
4978,3.8062
4979,4.0272
4980,3.3112
4981,3.2763
4982,4.1304
4983,3.9443
4984,3.2654
4985,3.8943
4986,3.3097
4987,4.3854
4988,3.2432
4989,3.8806
4990,3.3799
4991,3.6553
4992,3.9705
4993,3.6633
4994,3.5725
4995,4.2635
4996,3.2461
4997,3.8108
4998,3.7952
4999,3.5248
5000,3.5428
5001,4.0168
5002,3.6917
5003,3.3483
5004,3.7346
5005,3.6431
5006,3.8809
5007,3.3175
5008,4.0122
5009,3.3863
5010,4.0157
5011,3.5605
5012,3.8331
5013,3.6762
5014,3.8617
5015,3.6459
5016,3.6361
5017,4.5938
5018,2.8531
5019,3.8445
5020,3.5040
5021,4.3621
5022,3.0148
5023,3.9661
5024,3.5155
5025,3.8357
5026,3.2413
5027,4.1251
5028,3.3345
5029,3.8599
5030,3.4651
5031,3.9891
5032,3.4843
5033,3.8575
5034,3.8942
5035,3.2968
5036,3.7895
5037,3.5391
5038,3.6013
5039,3.3006
5040,4.0679
5041,3.2867
5042,3.8579
5043,3.3669
5044,3.9199
5045,3.4383
5046,4.0703
5047,3.5981
5048,3.7120
5049,3.9572
5050,3.8007
5051,4.1607
5052,3.3258
5053,3.7964
5054,3.4458
5055,4.1498
5056,3.3197
5057,3.6758
5058,3.6768
5059,4.0270
5060,3.8127
5061,3.4653
5062,3.6582
5063,4.4211
5064,3.0905
5065,3.2448
5066,3.9190
5067,3.3844
5068,4.1558
5069,3.3450
5070,3.7526
5071,3.4136
5072,4.0916
5073,3.2960
5074,3.6771
5075,4.0223
5076,3.5197
5077,3.8590
5078,3.7176
5079,3.8695
5080,3.3112
5081,3.7889
5082,4.0035
5083,3.6174
5084,3.4947
5085,4.1793
5086,3.2660
5087,3.8591
5088,3.3719
5089,3.8143
5090,3.4495
5091,4.1339
5092,3.3578
5093,3.6992
5094,3.8010
5095,3.8234
5096,3.7399
5097,3.6528
5098,3.8992
5099,3.3636
5100,4.2157
5101,3.4214
5102,4.0105
5103,3.3038
5104,3.9695
5105,3.9976
5106,3.3929
5107,3.8684
5108,3.8234
5109,3.8191
5110,3.3949
5111,3.6947
5112,3.5781
5113,3.9551
5114,3.3544
5115,3.8153
5116,3.3383
5117,4.1235
5118,3.2992
5119,3.7755
5120,3.6485
5121,3.9342
5122,3.4659
5123,3.9356
5124,3.7681
5125,3.3639
5126,4.0804
5127,3.3188
5128,3.7644
5129,3.5405
5130,3.8590
5131,3.2935
5132,4.0635
5133,3.6023
5134,3.8599
5135,3.3764
5136,3.9705
5137,3.3597
5138,4.7065
5139,2.5558
5140,4.0294
5141,3.8188
5142,4.0982
5143,3.0054
5144,3.5459
5145,4.1001
5146,3.6281
5147,3.8296
5148,3.4188
5149,4.1512
5150,3.4796
5151,3.7018
5152,3.3801
5153,3.8696
5154,3.3088
5155,3.9486
5156,3.7988
5157,3.3759
5158,3.9422
5159,4.0063
5160,3.6730
5161,3.4587
5162,3.8366
5163,4.1033
5164,3.6334
5165,3.6967
5166,3.7817
5167,4.3199
5168,3.3500
5169,3.7153
5170,3.8370
5171,3.7030
5172,4.1648
5173,3.6347
5174,3.3013
5175,4.0499
5176,3.3433
5177,3.8508
5178,3.5280
5179,3.9470
5180,3.2472
5181,4.1740
5182,3.9177
5183,3.4682
5184,3.7845
5185,3.7802
5186,3.8043
5187,3.3147
5188,4.0463
5189,3.5040
5190,3.9791
5191,3.5615
5192,3.6686
5193,3.6540
5194,3.9055
5195,3.6545
5196,3.6197
5197,3.8089
5198,3.8652
5199,3.7924
5200,3.7144
5201,3.3477
5202,3.5988
5203,3.9870
5204,3.3219
5205,3.7711
5206,3.5504
5207,3.9655
5208,3.4549
5209,3.7307
5210,3.4109
5211,3.7923
5212,3.5376
5213,4.0458
5214,3.8617
5215,3.7475
5216,3.7340
5217,3.8097
5218,3.7462
5219,3.5590
5220,4.1289
5221,3.3333
5222,3.7669
5223,3.5308
5224,3.6132
5225,3.4897
5226,4.1424
5227,4.0945
5228,3.1595
5229,3.3235
5230,4.3055
5231,4.0122
5232,2.8908
5233,3.8884
5234,3.3577
5235,3.6801
5236,3.8151
5237,3.9182
5238,3.6114
5239,3.6319
5240,3.6298
5241,3.5534
5242,3.5053
5243,4.1207
5244,3.4947
5245,3.5100
5246,3.7492
5247,3.3565
5248,3.8705
5249,3.4437
5250,3.7538
5251,3.3031
5252,3.9411
5253,3.3322
5254,4.0177
5255,3.5968
5256,3.8555
5257,3.2851
5258,4.0527
5259,3.2963
5260,3.9186
5261,3.4024
5262,3.8672
5263,3.8747
5264,3.2423
5265,3.5559
5266,4.3299
5267,3.5383
5268,3.4388
5269,3.7828
5270,3.5189
5271,3.5399
5272,3.7633
5273,3.7774
5274,3.4409
5275,4.0538
5276,3.4505
5277,3.7303
5278,3.4426
5279,3.8553
5280,3.3722
5281,4.0725
5282,3.4525
5283,3.6373
5284,3.7000
5285,4.0676
5286,3.7659
5287,3.4352
5288,4.1572
5289,3.4098
5290,3.7935
5291,3.3195
5292,3.6597
5293,3.4087
5294,3.9652
5295,3.3915
5296,3.6565
5297,3.3810
5298,3.9174
5299,3.8672
5300,3.6493
5301,3.9228
5302,3.3337
5303,4.3613
5304,3.1839
5305,4.0452
5306,3.3654
5307,4.6696
5308,3.2144
5309,3.6558
5310,3.4057
5311,3.8867
5312,3.7833
5313,3.3787
5314,3.8105
5315,3.5118
5316,3.5727
5317,3.8496
5318,3.6459
5319,4.4461
5320,3.0492
5321,3.5683
5322,3.7639
5323,3.5374
5324,3.6251
5325,3.5086
5326,3.7642
5327,3.4274
5328,3.9849
5329,3.1760
5330,4.2282
5331,3.6810
5332,3.5510
5333,3.7594
5334,3.9982
5335,3.8593
5336,3.3831
5337,3.7591
5338,3.4100
5339,3.9658
5340,3.3869
5341,3.7182
5342,3.3964
5343,4.1555
5344,3.5033
5345,3.7665
5346,3.6696
5347,3.5718
5348,3.8007
5349,3.8004
5350,3.7956
5351,3.4333
5352,3.9057
5353,3.2858
5354,4.1078
5355,3.1470
5356,3.8781
5357,3.5214
5358,3.9541
5359,3.5245
5360,3.7462
5361,3.3030
5362,4.0232
5363,3.7217
5364,3.3885
5365,3.4875
5366,3.8880
5367,4.0354
5368,3.0229
5369,3.7456
5370,3.4469
5371,4.4654
5372,2.9666
5373,4.0135
5374,3.4336
5375,4.1223
5376,3.2463
5377,3.8758
5378,3.3464
5379,4.2458
5380,3.3103
5381,3.6910
5382,3.7656
5383,3.6040
5384,3.7898
5385,3.4195
5386,3.5600
5387,4.0322
5388,3.1652
5389,3.7281
5390,3.9345
5391,3.4362
5392,3.8033
5393,3.5464
5394,4.1825
5395,3.5318
5396,3.5634
5397,3.8016
5398,3.6700
5399,3.9139
5400,5.2847
5401,2.8056
5402,3.1502
5403,3.8228
5404,4.0555
5405,3.3731
5406,3.3829
5407,3.8652
5408,3.2546
5409,3.7947
5410,3.3214
5411,3.8444
5412,3.9384
5413,3.6737
5414,3.9392
5415,3.2745
5416,3.9025
5417,4.1470
5418,3.6635
5419,3.4690
5420,3.7802
5421,3.4007
5422,3.9038
5423,3.3430
5424,3.6928
5425,3.5146
5426,3.8978
5427,3.3141
5428,4.3360
5429,3.6157
5430,3.7658
5431,3.7227
5432,3.3858
5433,3.7412
5434,4.0579
5435,3.6845
5436,3.4678
5437,4.9589
5438,2.5997
5439,4.0321
5440,3.4521
5441,4.0296
5442,3.3542
5443,4.1761
5444,3.8858
5445,3.8319
5446,3.3589
5447,3.6698
5448,3.6677
5449,3.4269
5450,3.9078
5451,3.3118
5452,3.7345
5453,3.3948
5454,3.7339
5455,3.5928
5456,3.8295
5457,3.7042
5458,3.5493
5459,3.2748
5460,3.9020
5461,3.3893
5462,3.9786
5463,3.8710
5464,3.4142
5465,3.7535
5466,3.7612
5467,3.8026
5468,3.2108
5469,4.1569
5470,3.3733
5471,4.0093
5472,3.2276
5473,3.8285
5474,3.7769
5475,3.7380
5476,3.7223
5477,3.6675
5478,3.8836
5479,4.6749
5480,3.3948
5481,3.2594
5482,3.7720
5483,3.3873
5484,4.3244
5485,3.2397
5486,4.0116
5487,3.3588
5488,4.5500
5489,3.9108
5490,3.4736
5491,3.7435
5492,3.9584
5493,3.9506
5494,3.3684
5495,3.9819
5496,3.3585
5497,3.6708
5498,3.2908
5499,3.7685
5500,3.3919
5501,4.0054
5502,3.8167
5503,3.4291
5504,3.3997
5505,3.7346
5506,3.3526
5507,4.1828
5508,3.8330
5509,3.3946
5510,3.8219
5511,3.9496
5512,3.8280
5513,3.4230
5514,3.9776
5515,3.4684
5516,3.6279
5517,3.4690
5518,3.9242
5519,3.4437
5520,4.2134
5521,3.8531
5522,3.6785
5523,3.6024
5524,3.8696
5525,3.6890
5526,3.3925
5527,3.6832
5528,3.4383
5529,4.1703
5530,3.2410
5531,3.7543
5532,3.4339
5533,4.2096
5534,3.8283
5535,3.5112
5536,3.8028
5537,3.8237
5538,4.3627
5539,3.1334
5540,3.8761
5541,3.2819
5542,3.2574
5543,4.1948
5544,3.8398
5545,3.2810
5546,3.8366
5547,3.6794
5548,3.7307
5549,3.5635
5550,3.8938
5551,3.1065
5552,4.0173
5553,4.1034
5554,2.9874
5555,3.9487
5556,3.6683
5557,3.7572
5558,3.2631
5559,3.5474
5560,3.9700
5561,3.7838
5562,3.4854
5563,3.8255
5564,3.2864
5565,4.2487
5566,3.2209
5567,4.4822
5568,3.5170
5569,4.1163
5570,3.6161
5571,4.3352
5572,3.0292
5573,3.2711
5574,3.8325
5575,3.4883
5576,4.0707
5577,3.3526
5578,3.9143
5579,3.7548
5580,3.6926
5581,3.6744
5582,3.7292
5583,3.7554
5584,3.4082
5585,3.7089
5586,3.5661
5587,4.0471
5588,3.9024
5589,3.5323
5590,3.4206
5591,4.0345
5592,3.7114
5593,3.7894
5594,3.4174
5595,3.8544
5596,3.8067
5597,3.6193
5598,3.6768
5599,3.8422
5600,4.0003
5601,3.4986
5602,3.7929
5603,3.4917
5604,3.7347
5605,3.3076
5606,3.7822
5607,3.3501
5608,3.8671
5609,3.6251
5610,3.7364
5611,3.4136
5612,4.0705
5613,3.4032
5614,4.1562
5615,3.8085
5616,3.3144
5617,3.8966
5618,3.6732
5619,3.6147
5620,3.3911
5621,3.9470
5622,3.5159
5623,3.8751
5624,3.9071
5625,3.7922
5626,3.8465
5627,3.9021
5628,3.6547
5629,3.5990
5630,4.0331
5631,3.3923
5632,3.5610
5633,4.0181
5634,4.0274
5635,3.3058
5636,3.6035
5637,3.5904
5638,3.4561
5639,3.7031
5640,3.5444
5641,3.2204
5642,4.0217
5643,3.3840
5644,3.8236
5645,3.6279
5646,3.6947
5647,4.1959
5648,3.7352
5649,3.2616
5650,3.4831
5651,3.7972
5652,3.7936
5653,3.8076
5654,3.3295
5655,4.3619
5656,3.6915
5657,3.3878
5658,3.9056
5659,3.8360
5660,3.8972
5661,3.6858
5662,3.6793
5663,3.4928
5664,3.8897
5665,3.3860
5666,3.6267
5667,3.5744
5668,4.7249
5669,2.7192
5670,3.8243
5671,3.2985
5672,4.2015
5673,3.3175
5674,3.7779
5675,3.7474
5676,3.3832
5677,3.4713
5678,4.1736
5679,3.6019
5680,3.5524
5681,4.0107
5682,3.5582
5683,3.7698
5684,3.2829
5685,4.6001
5686,2.8452
5687,3.9391
5688,3.8382
5689,3.7024
5690,3.6859
5691,3.8084
5692,3.7793
5693,3.3231
5694,3.8044
5695,3.7165
5696,3.7164
5697,3.6948
5698,3.9927
5699,2.9176
5700,3.9324
5701,3.4215
5702,3.7948
5703,3.3842
5704,3.9425
5705,3.5271
5706,3.8165
5707,3.5373
5708,3.6864
5709,3.4004
5710,4.3091
5711,3.6612
5712,3.5909
5713,4.6683
5714,3.6640
5715,3.9030
5716,3.0479
5717,4.1099
5718,3.4657
5719,3.8459
5720,3.7519
5721,3.3133
5722,3.8733
5723,4.1392
5724,3.2751
5725,3.5614
5726,3.6763
5727,4.4262
5728,3.1686
5729,3.5862
5730,4.2758
5731,3.7516
5732,3.5098
5733,3.4775
5734,3.7897
5735,3.3648
5736,4.3693
5737,3.0042
5738,3.6479
5739,3.7832
5740,3.9695
5741,3.9324
5742,3.3528
5743,3.7899
5744,3.4090
5745,4.2031
5746,3.4751
5747,3.9068
5748,3.7645
5749,3.5947
5750,3.8939
5751,3.3590
5752,3.5349
5753,3.7445
5754,3.8179
5755,3.4750
5756,4.0108
5757,3.2582
5758,3.5701
5759,4.1271
5760,4.1135
5761,3.4184
5762,3.8253
5763,3.7864
5764,3.4628
5765,3.7406
5766,3.3527
5767,3.9577
5768,3.3088
5769,3.7497
5770,3.3691
5771,3.7838
5772,3.6803
5773,3.9564
5774,3.3557
5775,3.8587
5776,3.3818
5777,3.9782
5778,3.3736
5779,3.9740
5780,3.4908
5781,4.0441
5782,3.8043
5783,3.1868
5784,3.5707
5785,4.2340
5786,4.0790
5787,3.4170
5788,3.7887
5789,3.7122
5790,3.8122
5791,3.2665
5792,3.7610
5793,3.3394
5794,4.0446
5795,3.5877
5796,3.8337
5797,3.5289
5798,3.9312
5799,3.4142
5800,3.8260
5801,3.5806
5802,3.6484
5803,3.5647
5804,3.7101
5805,4.0064
5806,3.4862
5807,4.3365
5808,3.4229
5809,3.8177
5810,3.4243
5811,3.7504
5812,3.3393
5813,4.2892
5814,3.7884
5815,3.5402
5816,3.7656
5817,3.4065
5818,3.6985
5819,3.8901
5820,3.5152
5821,3.4420
5822,3.9733
5823,3.5002
5824,3.8525
5825,4.0461
5826,3.8902
5827,3.5577
5828,3.7465
5829,3.4243
5830,4.3129
5831,4.3923
5832,3.1424
5833,3.7859
5834,3.9195
5835,3.9881
5836,3.1500
5837,3.9434
5838,3.3401
5839,4.2929
5840,3.2451
5841,3.7038
5842,3.7168
5843,3.4122
5844,3.7793
5845,3.7226
5846,3.5287
5847,3.6264
5848,3.8627
5849,3.6362
5850,3.9865
5851,3.4459
5852,3.7886
5853,3.4513
5854,3.7884
5855,3.6164
5856,3.4337
5857,3.4644
5858,3.8775
5859,3.8989
5860,3.3917
5861,3.9865
5862,3.7509
5863,3.8453
5864,3.8562
5865,3.7077
5866,3.2191
5867,3.8747
5868,3.4350
5869,4.0760
5870,3.3740
5871,4.2393
5872,3.3419
5873,3.8292
5874,3.6595
5875,3.6287
5876,3.8390
5877,3.5397
5878,4.2547
5879,3.4578
5880,4.2516
5881,3.5168
5882,3.7859
5883,3.5306
5884,3.6657
5885,3.6379
5886,4.2182
5887,3.0540
5888,3.6571
5889,3.8649
5890,3.8157
5891,3.7526
5892,3.7385
5893,3.8739
5894,3.5339
5895,3.9082
5896,3.4890
5897,4.1107
5898,3.3576
5899,3.9759
5900,3.7053
5901,3.2968
5902,3.8424
5903,4.1184
5904,3.4834
5905,3.5312
5906,3.8148
5907,3.3090
5908,3.9418
5909,3.5055
5910,4.1002
5911,4.0523
5912,3.2489
5913,3.7824
5914,4.1356
5915,4.3360
5916,4.0292
5917,4.3617
5918,3.7938
5919,4.4919
5920,4.1536
5921,3.9545
5922,4.1487
5923,3.9478
5924,4.6360
5925,4.1662
5926,4.4480
5927,3.7310
5928,3.7692
5929,4.6270
5930,3.5765
5931,3.9356
5932,4.8679
5933,3.6321
5934,4.2177
5935,4.4566
5936,3.9802
5937,4.4271
5938,3.5529
5939,4.4854
5940,4.0899
5941,3.5828
5942,4.3634
5943,3.7293
5944,4.4406
5945,3.6035
5946,4.2515
5947,4.0809
5948,4.0540
5949,4.1971
5950,3.5980
5951,4.2184
5952,3.6975
5953,4.6756
5954,4.1070
5955,3.9111
5956,4.2625
5957,3.8093
5958,3.9647
5959,4.2481
5960,4.1624
5961,4.1775
5962,4.2729
5963,3.8425
5964,4.0194
5965,4.0292
5966,4.0992
5967,3.7800
5968,4.0283
5969,4.2644
5970,4.0529
5971,4.2455
5972,3.9072
5973,4.3759
5974,3.8290
5975,4.2164
5976,3.9889
5977,4.2100
5978,4.4293
5979,4.0547
5980,4.1252
5981,3.7045
5982,4.3983
5983,4.8385
5984,3.3149
5985,4.1668
5986,4.1714
5987,3.7935
5988,4.6406
5989,3.7948
5990,4.1759
5991,3.8458
5992,4.2145
5993,3.9616
5994,4.0901
5995,4.3230
5996,3.9573
5997,4.6921
5998,4.0714
5999,3.7573
6000,4.3446
6001,3.7667
6002,4.1414
6003,4.0660
6004,3.9612
6005,4.1903
6006,3.8966
6007,4.1613
6008,3.6849
6009,4.7779
6010,4.2044
6011,3.8226
6012,4.3667
6013,4.6236
6014,3.7738
6015,4.1247
6016,3.8207
6017,4.6114
6018,4.1158
6019,4.1797
6020,3.9992
6021,3.8633
6022,4.2039
6023,4.2112
6024,3.7338
6025,4.1589
6026,4.1517
6027,4.3442
6028,3.7631
6029,4.7390
6030,4.1857
6031,3.7746
6032,4.6314
6033,3.9216
6034,4.2067
6035,4.2803
6036,3.8375
6037,4.2934
6038,3.4771
6039,3.9202
6040,3.5677
6041,3.8710
6042,3.9221
6043,3.4346
6044,3.9322
6045,4.1180
6046,3.1057
6047,3.8790
6048,4.0598
6049,3.3252
6050,4.1494
6051,3.4767
6052,4.1457
6053,3.5570
6054,3.7031
6055,3.9057
6056,4.2000
6057,3.5849
6058,3.6541
6059,3.7714
6060,4.0985
6061,3.5692
6062,3.4732
6063,4.3631
6064,3.8677
6065,3.4189
6066,3.8337
6067,3.6640
6068,4.0300
6069,3.3411
6070,4.0804
6071,3.5888
6072,5.3471
6073,2.4439
6074,3.7592
6075,3.6576
6076,3.6763
6077,3.7760
6078,3.8421
6079,3.9987
6080,3.6164
6081,3.8597
6082,3.4085
6083,3.9875
6084,3.5562
6085,4.2970
6086,3.3671
6087,3.9396
6088,3.8758
6089,3.4947
6090,3.6628
6091,4.0587
6092,3.8665
6093,3.5433
6094,3.8975
6095,3.6734
6096,3.6242
6097,3.8179
6098,3.5154
6099,3.7346
6100,3.5076
6101,3.8838
6102,3.6760
6103,4.0477
6104,3.4484
6105,3.9509
6106,3.5124
6107,4.2232
6108,3.6365
6109,4.1658
6110,3.7834
6111,3.4912
6112,3.4213
6113,4.1035
6114,3.9561
6115,3.6218
6116,3.8934
6117,3.6644
6118,3.7747
6119,3.4520
6120,3.8500
6121,3.5000
6122,4.2058
6123,3.4013
6124,3.8606
6125,3.9421
6126,4.0053
6127,3.6570
6128,3.6297
6129,3.9382
6130,3.6246
6131,3.9948
6132,3.4753
6133,3.9095
6134,3.5715
6135,4.2538
6136,3.7313
6137,3.4150
6138,4.9923
6139,2.8563
6140,3.9295
6141,3.4086
6142,4.4963
6143,3.1251
6144,4.2266
6145,3.7173
6146,3.4743
6147,3.8829
6148,3.9274
6149,3.9236
6150,3.5584
6151,4.3491
6152,3.5909
6153,3.8961
6154,3.7985
6155,3.5024
6156,3.9132
6157,3.5323
6158,3.9985
6159,3.5750
6160,3.8058
6161,4.0106
6162,3.8668
6163,3.6449
6164,3.8982
6165,3.4494
6166,4.2538
6167,3.5748
6168,3.8557
6169,3.8945
6170,3.8785
6171,4.1421
6172,3.7898
6173,4.3922
6174,3.9643
6175,3.6548
6176,3.9220
6177,4.0390
6178,4.3058
6179,4.1047
6180,3.7199
6181,3.5887
6182,4.2171
6183,3.9645
6184,4.0285
6185,4.1836
6186,3.6268
6187,3.9979
6188,3.9603
6189,3.7474
6190,4.0932
6191,4.0148
6192,4.3802
6193,3.5986
6194,4.3974
6195,3.9235
6196,3.6495
6197,4.0214
6198,3.8784
6199,3.8646
6200,3.7870
6201,4.1065
6202,4.5737
6203,3.6636
6204,4.0493
6205,3.8223
6206,4.0746
6207,3.6822
6208,4.2859
6209,3.5219
6210,3.9532
6211,4.4012
6212,3.5961
6213,4.1036
6214,3.5953
6215,4.2797
6216,3.6142
6217,4.0769
6218,3.8371
6219,4.0140
6220,4.0495
6221,3.6046
6222,4.1629
6223,3.6275
6224,4.5416
6225,3.9980
6226,3.7572
6227,4.2056
6228,3.5957
6229,4.4354
6230,3.8501
6231,3.8046
6232,4.0497
6233,3.7453
6234,4.4701
6235,3.1857
6236,4.1766
6237,3.5303
6238,4.0340
6239,4.0876
6240,3.6791
6241,4.0414
6242,3.5991
6243,4.1195
6244,3.7911
6245,4.2732
6246,3.6319
6247,3.9332
6248,4.0610
6249,3.8085
6250,4.0761
6251,3.9965
6252,4.1887
6253,3.8609
6254,4.4772
6255,3.8861
6256,3.7673
6257,4.4984
6258,4.0342
6259,3.6269
6260,4.0676
6261,4.1229
6262,4.1848
6263,3.6045
6264,4.1777
6265,4.9213
6266,3.1941
6267,4.3508
6268,3.7817
6269,4.2774
6270,3.6092
6271,4.2982
6272,3.6095
6273,4.4658
6274,3.5800
6275,4.0788
6276,4.0814
6277,3.8110
6278,4.1467
6279,3.6198
6280,4.0305
6281,4.0139
6282,3.8296
6283,3.9875
6284,3.7020
6285,4.0324
6286,3.7072
6287,4.2855
6288,4.1134
6289,3.6626
6290,3.9964
6291,3.6576
6292,4.3385
6293,3.7606
6294,3.9515
6295,4.0767
6296,4.0343
6297,4.3647
6298,3.2076
6299,3.8065
6300,3.3612
6301,3.7854
6302,3.3815
6303,3.8073
6304,3.3914
6305,3.8738
6306,3.9031
6307,3.6335
6308,3.7179
6309,3.9862
6310,3.7972
6311,3.2934
6312,3.8709
6313,3.5611
6314,4.2705
6315,3.1452
6316,3.8509
6317,3.4427
6318,4.1610
6319,3.1756
6320,3.6377
6321,3.4582
6322,3.8142
6323,3.3128
6324,4.0178
6325,3.4639
6326,3.9154
6327,3.7303
6328,3.9097
6329,3.6741
6330,3.5102
6331,3.7701
6332,3.6273
6333,3.8099
6334,3.6503
6335,3.8490
6336,3.2373
6337,3.7835
6338,3.4446
6339,4.0147
6340,3.2693
6341,3.8813
6342,3.8550
6343,3.5964
6344,3.7096
6345,3.9430
6346,3.9687
6347,3.9014
6348,3.6805
6349,3.3517
6350,4.2042
6351,4.0125
6352,3.5542
6353,3.8010
6354,3.7525
6355,3.7774
6356,3.4065
6357,3.7699
6358,3.5711
6359,3.5942
6360,3.9910
6361,3.5725
6362,3.7398
6363,4.1005
6364,4.0328
6365,3.1181
6366,4.1201
6367,3.5168
6368,3.7898
6369,3.9606
6370,3.8481
6371,3.4148
6372,3.9949
6373,3.4060
6374,3.7274
6375,3.4015
6376,4.4832
6377,3.0805
6378,3.3241
6379,3.6762
6380,3.8274
6381,3.4293
6382,3.8351
6383,3.6119
6384,3.4321
6385,3.8585
6386,3.6091
6387,3.7396
6388,3.3804
6389,4.2066
6390,3.3913
6391,4.1762
6392,3.4334
6393,3.5776
6394,3.4419
6395,3.9758
6396,3.8911
6397,3.7354
6398,3.2818
6399,4.0714
6400,3.7459
6401,4.2563
6402,3.2869
6403,3.5554
6404,3.8042
6405,3.5004
6406,3.7985
6407,3.3946
6408,4.0639
6409,3.6180
6410,3.8946
6411,3.3295
6412,4.4399
6413,3.6129
6414,3.7076
6415,3.7567
6416,3.5249
6417,4.1584
6418,3.5912
6419,4.0385
6420,3.4693
6421,4.3501
6422,3.8555
6423,3.3855
6424,3.9272
6425,3.3971
6426,4.0264
6427,3.5685
6428,3.4835
6429,3.8171
6430,3.9710
6431,2.8775
6432,3.7854
6433,3.6823
6434,4.4881
6435,3.2296
6436,3.8103
6437,3.7963
6438,3.6361
6439,3.6135
6440,3.9564
6441,3.7995
6442,3.7498
6443,4.0707
6444,3.5662
6445,3.6802
6446,3.5245
6447,3.7392
6448,3.6944
6449,3.9554
6450,3.8452
6451,3.5652
6452,3.8929
6453,3.9266
6454,4.1828
6455,3.8104
6456,3.4818
6457,3.6601
6458,3.9954
6459,4.7035
6460,2.4571
6461,3.7715
6462,3.9840
6463,3.8523
6464,3.9328
6465,3.1800
6466,3.7639
6467,3.7731
6468,3.5044
6469,3.8485
6470,3.6191
6471,4.3363
6472,3.6789
6473,3.4461
6474,4.1046
6475,3.6773
6476,3.9021
6477,3.3150
6478,3.8725
6479,3.4417
6480,3.7490
6481,4.4202
6482,3.2163
6483,3.5641
6484,4.0808
6485,3.5089
6486,3.5348
6487,4.0980
6488,3.3776
6489,3.8963
6490,3.5332
6491,3.6045
6492,3.6442
6493,4.0221
6494,3.5159
6495,3.9074
6496,3.7298
6497,3.9640
6498,3.2888
6499,3.7846
6500,3.3977
6501,3.8715
6502,4.0310
6503,4.0819
6504,3.9073
6505,3.6511
6506,3.5923
6507,3.7151
6508,3.6922
6509,3.4031
6510,3.9449
6511,3.3614
6512,3.8415
6513,3.4558
6514,3.6857
6515,3.6833
6516,3.9131
6517,3.7116
6518,3.2967
6519,3.9499
6520,3.6664
6521,3.6371
6522,4.1867
6523,3.1117
6524,3.5541
6525,3.9075
6526,3.4175
6527,3.9636
6528,3.4882
6529,4.0925
6530,3.8564
6531,3.2682
6532,3.2589
6533,4.2938
6534,3.8779
6535,3.3074
6536,3.8380
6537,3.6297
6538,3.8469
6539,3.2636
6540,3.8182
6541,3.5910
6542,4.3555
6543,3.1743
6544,3.4746
6545,3.6735
6546,3.8017
6547,3.2961
6548,4.2494
6549,3.6652
6550,3.3534
6551,3.7018
6552,3.8864
6553,3.6770
6554,3.2260
6555,3.8674
6556,3.5436
6557,3.9055
6558,3.4124
6559,4.0106
6560,3.5590
6561,3.7032
6562,3.3864
6563,3.8115
6564,3.3020
6565,3.9150
6566,3.5609
6567,3.6998
6568,3.6014
6569,3.7776
6570,3.5699
6571,3.9704
6572,3.8085
6573,3.5839
6574,3.8453
6575,3.5368
6576,3.8208
6577,3.9374
6578,3.5347
6579,3.2683
6580,3.8799
6581,4.0349
6582,3.0813
6583,3.7607
6584,4.0303
6585,3.7787
6586,3.8184
6587,4.0486
6588,3.5048
6589,4.0766
6590,3.6918
6591,3.8625
6592,3.2865
6593,4.4066
6594,3.5399
6595,3.6149
6596,3.8114
6597,3.5783
6598,3.5445
6599,3.9212
6600,3.1706
6601,3.3129
6602,4.0179
6603,3.3948
6604,3.6457
6605,3.3795
6606,3.8677
6607,3.8070
6608,3.8779
6609,3.3919
6610,4.1039
6611,3.9009
6612,3.7217
6613,3.7381
6614,3.4010
6615,4.9721
6616,2.8352
6617,3.9210
6618,3.5408
6619,4.0585
6620,3.4727
6621,3.7115
6622,3.5527
6623,3.9508
6624,3.8339
6625,3.2069
6626,3.8190
6627,3.4038
6628,3.7094
6629,4.0762
6630,3.8761
6631,3.6723
6632,4.5012
6633,2.9772
6634,3.6714
6635,3.2389
6636,4.1008
6637,3.7831
6638,3.8068
6639,3.6003
6640,3.9389
6641,3.5745
6642,4.2538
6643,3.6595
6644,3.2872
6645,4.1419
6646,3.5475
6647,3.8383
6648,3.4838
6649,3.8806
6650,3.5855
6651,3.8367
6652,3.8062
6653,3.2506
6654,3.7606
6655,3.5853
6656,4.0616
6657,3.6353
6658,3.5328
6659,3.3751
6660,4.2087
6661,3.5315
6662,3.7100
6663,3.5426
6664,3.7098
6665,3.7639
6666,3.3528
6667,3.5108
6668,4.1660
6669,4.9720
6670,2.2853
6671,3.6990
6672,3.5069
6673,4.0308
6674,3.1655
6675,3.8046
6676,3.4040
6677,4.0586
6678,3.4673
6679,3.8501
6680,3.5056
6681,3.8128
6682,4.0658
6683,3.6701
6684,3.7005
6685,3.4653
6686,3.4911
6687,3.6707
6688,3.6782
6689,3.6271
6690,3.8240
6691,3.7574
6692,3.7031
6693,3.8948
6694,3.4776
6695,3.2926
6696,3.8951
6697,3.4526
6698,3.8270
6699,3.7900
6700,3.4221
6701,3.3963
6702,3.8573
6703,3.3700
6704,3.8149
6705,3.3772
6706,4.3118
6707,3.9296
6708,3.4634
6709,4.1572
6710,3.7027
6711,3.8205
6712,3.4574
6713,3.8729
6714,3.4807
6715,4.0237
6716,3.6156
6717,3.7091
6718,3.6596
6719,3.4670
6720,3.7813
6721,3.3536
6722,3.8760
6723,3.6517
6724,5.1904
6725,2.1310
6726,3.6866
6727,3.6181
6728,4.1179
6729,3.7530
6730,3.4566
6731,3.3237
6732,4.1700
6733,3.8759
6734,3.6435
6735,3.4701
6736,3.9495
6737,3.8482
6738,3.8083
6739,3.5451
6740,3.4306
6741,4.5978
6742,2.9593
6743,3.7612
6744,3.3552
6745,4.2223
6746,3.4958
6747,3.8171
6748,3.7351
6749,4.3958
6750,2.8481
6751,3.8044
6752,3.9035
6753,3.5750
6754,4.1381
6755,3.1769
6756,3.7350
6757,3.3920
6758,4.2281
6759,3.3719
6760,3.8262
6761,3.6898
6762,3.4627
6763,3.3581
6764,4.0513
6765,3.6374
6766,3.4530
6767,4.0343
6768,3.2058
6769,3.7923
6770,3.6716
6771,3.6526
6772,3.4587
6773,3.6890
6774,3.3819
6775,4.0576
6776,3.2820
6777,4.1998
6778,3.5082
6779,3.9607
6780,3.5360
6781,3.5029
6782,3.6539
6783,3.7133
6784,3.6704
6785,3.5115
6786,3.9581
6787,3.5445
6788,3.6604
6789,3.4776
6790,4.0771
6791,3.4305
6792,4.0552
6793,3.6658
6794,3.4815
6795,3.5358
6796,4.0655
6797,3.8791
6798,3.6903
6799,4.2043
6800,3.3722
6801,3.8388
6802,3.2401
6803,3.9138
6804,3.5159
6805,3.7501
6806,3.4207
6807,3.6680
6808,3.6923
6809,3.9024
6810,3.5921
6811,3.4125
6812,3.6680
6813,3.9151
6814,3.8787
6815,3.3906
6816,4.2547
6817,3.2834
6818,3.6839
6819,4.0939
6820,4.0369
6821,3.3434
6822,3.7714
6823,3.5201
6824,3.9761
6825,3.1789
6826,4.0718
6827,3.2843
6828,3.8515
6829,3.6335
6830,3.5152
6831,3.7166
6832,3.9458
6833,3.7905
6834,3.4098
6835,4.1407
6836,3.5352
6837,4.0777
6838,3.4416
6839,3.6442
6840,3.5844
6841,3.6026
6842,4.1528
6843,3.6922
6844,3.8181
6845,3.9113
6846,3.4027
6847,3.3363
6848,3.8205
6849,3.6974
6850,3.9846
6851,3.4838
6852,3.9061
6853,3.6813
6854,3.9682
6855,3.7707
6856,3.3653
6857,3.4244
6858,4.0581
6859,3.8402
6860,3.4708
6861,3.8433
6862,3.3220
6863,4.4109
6864,3.4169
6865,3.7200
6866,3.2962
6867,4.1189
6868,3.4761
6869,3.9172
6870,3.1318
6871,4.0207
6872,3.8038
6873,3.3873
6874,3.6941
6875,3.3261
6876,3.9247
6877,3.3895
6878,3.7930
6879,4.0677
6880,3.7990
6881,3.8309
6882,3.8073
6883,3.4920
6884,4.1046
6885,3.1265
6886,3.9461
6887,3.9619
6888,3.7096
6889,3.8339
6890,3.9723
6891,3.8042
6892,3.2256
6893,3.8958
6894,3.4696
6895,3.6700
6896,3.6679
6897,3.4881
6898,3.3273
6899,3.8889
6900,4.0552
6901,3.1325
6902,3.4046
6903,4.1177
6904,4.2157
6905,3.1996
6906,3.6649
6907,3.3925
6908,4.0890
6909,3.5399
6910,4.0412
6911,3.2868
6912,4.1831
6913,3.6055
6914,4.0475
6915,3.0165
6916,3.9036
6917,3.6277
6918,3.5955
6919,3.6020
6920,3.3406
6921,3.6565
6922,3.8901
6923,3.7702
6924,3.7751
6925,3.4840
6926,3.8616
6927,3.7075
6928,3.4264
6929,3.9980
6930,3.6672
6931,3.8562
6932,3.5390
6933,3.6060
6934,3.5903
6935,3.7697
6936,3.4673
6937,3.7696
6938,4.7982
6939,3.3177
6940,3.7079
6941,3.4289
6942,4.0224
6943,3.7691
6944,3.9447
6945,3.5625
6946,3.2969
6947,3.9280
6948,3.7862
6949,3.8158
6950,3.4773
6951,3.7402
6952,3.6408
6953,3.3800
6954,4.1088
6955,3.7726
6956,3.5340
6957,3.8612
6958,3.4065
6959,3.8369
6960,3.2696
6961,3.7724
6962,3.4806
6963,3.8338
6964,3.7029
6965,3.5324
6966,3.3196
6967,4.0033
6968,3.7747
6969,3.4217
6970,3.7505
6971,3.6576
6972,3.8423
6973,3.4240
6974,4.0977
6975,3.4842
6976,4.0170
6977,3.5363
6978,3.6676
6979,3.4564
6980,4.1565
6981,3.6401
6982,3.3902
6983,3.3423
6984,4.2150
6985,3.8811
6986,3.4532
6987,4.2655
6988,3.6533
6989,3.8486
6990,3.3352
6991,4.0614
6992,3.2322
6993,4.3493
6994,3.5492
6995,3.3095
6996,3.4251
6997,3.6848
6998,3.7134
6999,3.8810
7000,3.7565
7001,4.1750
7002,3.0246
7003,3.7106
7004,3.8637
7005,3.3572
7006,3.8852
7007,3.4729
7008,3.6044
7009,3.8919
7010,3.4753
7011,3.4323
7012,4.0951
7013,4.1658
7014,3.3700
7015,3.7363
7016,3.4372
7017,3.7735
7018,4.4475
7019,3.2422
7020,3.2934
7021,3.6644
7022,4.1501
7023,3.5439
7024,3.4733
7025,3.9830
7026,3.4969
7027,3.9063
7028,3.1689
7029,4.4289
7030,3.2345
7031,3.6141
7032,3.5845
7033,3.5118
7034,3.6409
7035,3.8468
7036,3.6479
7037,3.6458
7038,4.1372
7039,3.4586
7040,3.4610
7041,3.5223
7042,3.9734
7043,3.4651
7044,4.0802
7045,3.4442
7046,3.8267
7047,3.3451
7048,3.7451
7049,3.8002
7050,3.6824
7051,3.7071
7052,3.8649
7053,3.7480
7054,3.4203
7055,3.7963
7056,3.9367
7057,3.6377
7058,3.3389
7059,3.7424
7060,3.7631
7061,3.9891
7062,3.7600
7063,3.6343
7064,3.8699
7065,3.5328
7066,4.0585
7067,3.4195
7068,3.9441
7069,3.3637
7070,4.2261
7071,3.7100
7072,3.5179
7073,3.5752
7074,3.7654
7075,3.8566
7076,3.4756
7077,3.7242
7078,4.0425
7079,3.3102
7080,4.0784
7081,4.0084
7082,3.3830
7083,3.9912
7084,3.4669
7085,4.2133
7086,3.3249
7087,3.7914
7088,3.2845
7089,4.1807
7090,3.5917
7091,3.5473
7092,3.8818
7093,3.7804
7094,3.6448
7095,3.5335
7096,3.6170
7097,3.6169
7098,3.7573
7099,3.6295
7100,3.4957
7101,3.3719
7102,4.6119
7103,2.8946
7104,3.7941
7105,3.4248
7106,4.7783
7107,3.2636
7108,3.6987
7109,3.7939
7110,3.5414
7111,4.0510
7112,3.7257
7113,3.5220
7114,3.5386
7115,3.9535
7116,3.7276
7117,3.6457
7118,3.2923
7119,4.0922
7120,3.3235
7121,3.8434
7122,3.7015
7123,3.3605
7124,3.7556
7125,4.1156
7126,3.6066
7127,3.8835
7128,3.6611
7129,3.3894
7130,3.9113
7131,3.9037
7132,3.5336
7133,3.2059
7134,4.1885
7135,4.2284
7136,3.3219
7137,3.0581
7138,4.2012
7139,4.0441
7140,3.2678
7141,3.8139
7142,3.5485
7143,3.7049
7144,3.5188
7145,3.6546
7146,3.7211
7147,4.0621
7148,3.6176
7149,3.7049
7150,3.7054
7151,3.7427
7152,3.6992
7153,3.2235
7154,3.9870
7155,3.6942
7156,4.2297
7157,3.6225
7158,3.9261
7159,3.5232
7160,3.7639
7161,3.3821
7162,3.7613
7163,3.7121
7164,4.4863
7165,3.3488
7166,3.7518
7167,3.8541
7168,3.4658
7169,4.0659
7170,3.3043
7171,3.9914
7172,3.3665
7173,3.9763
7174,3.4153
7175,3.8406
7176,3.3790
7177,3.9489
7178,3.6992
7179,3.5237
7180,3.6202
7181,3.5065
7182,3.8893
7183,3.4206
7184,3.9137
7185,3.3745
7186,4.0275
7187,3.5188
7188,3.6618
7189,3.5225
7190,3.8448
7191,3.3706
7192,4.3197
7193,3.1557
7194,3.8351
7195,3.4446
7196,3.9069
7197,3.6462
7198,3.6604
7199,3.8845
7200,3.6710
7201,3.8092
7202,3.6432
7203,4.0333
7204,3.4323
7205,4.0370
7206,3.7430
7207,3.8039
7208,3.4127
7209,4.1658
7210,3.5342
7211,3.7982
7212,3.7092
7213,3.4739
7214,3.5570
7215,3.6812
7216,3.8310
7217,3.3364
7218,4.1136
7219,3.9083
7220,3.5654
7221,3.5019
7222,4.5055
7223,2.6236
7224,4.1460
7225,3.7532
7226,3.4425
7227,4.1305
7228,3.4738
7229,3.7455
7230,3.2751
7231,3.9266
7232,3.4332
7233,3.7748
7234,3.3760
7235,4.2403
7236,3.2894
7237,3.6930
7238,3.8509
7239,3.4529
7240,3.3485
7241,3.9138
7242,3.7047
7243,3.3306
7244,3.9945
7245,3.2309
7246,3.5907
7247,4.0298
7248,3.6492
7249,3.4450
7250,3.6724
7251,3.5281
7252,4.2012
7253,3.0303
7254,3.8134
7255,3.5282
7256,3.8089
7257,3.5682
7258,3.9299
7259,3.3310
7260,4.4431
7261,3.3734
7262,3.7408
7263,3.7957
7264,3.9129
7265,3.9906
7266,3.3422
7267,3.7283
7268,3.4951
7269,3.8812
7270,3.3678
7271,3.8053
7272,3.9213
7273,3.6784
7274,3.0874
7275,3.8588
7276,3.4576
7277,4.2038
7278,3.8129
7279,3.3037
7280,3.6329
7281,3.3888
7282,3.9857
7283,3.3490
7284,3.8730
7285,3.5263
7286,4.3841
7287,3.1634
7288,3.7990
7289,3.7186
7290,3.6640
7291,3.4899
7292,4.0664
7293,3.8573
7294,3.6500
7295,4.7037
7296,3.0665
7297,3.8461
7298,3.4468
7299,4.0630
7300,3.3712
7301,3.8590
7302,3.7937
7303,3.5182
7304,3.4011
7305,4.1423
7306,3.3857
7307,4.0308
7308,3.7901
7309,3.9030
7310,4.0525
7311,3.3058
7312,3.8333
7313,3.3064
7314,4.2084
7315,3.3761
7316,3.9073
7317,3.3636
7318,4.2985
7319,3.9551
7320,3.2921
7321,3.6037
7322,4.1592
7323,3.8119
7324,3.3708
7325,3.7540
7326,3.4531
7327,4.1889
7328,3.3967
7329,3.7514
7330,3.3576
7331,4.0656
7332,3.6068
7333,3.3570
7334,3.7018
7335,3.5023
7336,3.3949
7337,4.3114
7338,3.7968
7339,3.3740
7340,3.7874
7341,3.6035
7342,3.5414
7343,3.6939
7344,4.0288
7345,3.7847
7346,3.6862
7347,3.8461
7348,3.7200
7349,3.8914
7350,4.1260
7351,3.3061
7352,4.0190
7353,3.5854
7354,3.9660
7355,3.7223
7356,3.4436
7357,4.7773
7358,2.7909
7359,3.8202
7360,3.8148
7361,3.6731
7362,3.8076
7363,3.9859
7364,3.6754
7365,3.4318
7366,3.6430
7367,3.5216
7368,3.9804
7369,3.4091
7370,4.0608
7371,3.1897
7372,3.9760
7373,3.1707
7374,4.2204
7375,3.3710
7376,3.7924
7377,3.7524
7378,3.6546
7379,3.7025
7380,3.6777
7381,4.2001
7382,3.5550
7383,3.7567
7384,3.6860
7385,3.5335
7386,3.5209
7387,3.6998
7388,3.2464
7389,3.8060
7390,3.8072
7391,3.8079
7392,2.9677
7393,3.6813
7394,3.8489
7395,3.8117
7396,3.8327
7397,3.9261
7398,3.7643
7399,4.3444
7400,3.2643
7401,3.7294
7402,3.7209
7403,3.2831
7404,4.3076
7405,3.7693
7406,3.5259
7407,3.5902
7408,3.8104
7409,3.9038
7410,3.5467
7411,3.1248
7412,4.4684
7413,4.2696
7414,3.0278
7415,3.9578
7416,3.5796
7417,3.5398
7418,3.5548
7419,3.9440
7420,3.8029
7421,3.6752
7422,3.7179
7423,3.4375
7424,4.5476
7425,2.6869
7426,3.8416
7427,3.8082
7428,3.9415
7429,3.3420
7430,4.1015
7431,3.7993
7432,4.2053
7433,3.2650
7434,4.2431
7435,3.6899
7436,3.4825
7437,3.8095
7438,3.6468
7439,3.8757
7440,3.3491
7441,4.0784
7442,3.4301
7443,3.8960
7444,3.4618
7445,3.9383
7446,3.4438
7447,3.4777
7448,3.5098
7449,4.2113
7450,3.8014
7451,3.4877
7452,3.3297
7453,4.3938
7454,3.8187
7455,3.3799
7456,4.1255
7457,3.7672
7458,3.6995
7459,3.4449
7460,3.7683
7461,3.9975
7462,3.6526
7463,3.6875
7464,3.7858
7465,3.8837
7466,3.5165
7467,3.7589
7468,3.5448
7469,4.7530
7470,2.5472
7471,3.7291
7472,3.3668
7473,3.7889
7474,3.8601
7475,3.9022
7476,3.7717
7477,3.4751
7478,3.7898
7479,4.0001
7480,3.6157
7481,3.8099
7482,3.3530
7483,3.2860
7484,4.1092
7485,3.4011
7486,4.5234
7487,2.8067
7488,4.0727
7489,3.3075
7490,3.8508
7491,4.2240
7492,2.8041
7493,3.9423
7494,3.1730
7495,3.8489
7496,3.4860
7497,3.7832
7498,3.6205
7499,4.0813
7500,3.5155
7501,3.6517
7502,3.4713
7503,4.0111
7504,3.3466
7505,3.9868
7506,3.4602
7507,4.1004
7508,3.6970
7509,3.7717
7510,4.0151
7511,3.6968
7512,3.8060
7513,3.6884
7514,3.3962
7515,3.7015
7516,4.3010
7517,3.3681
7518,3.8744
7519,3.4921
7520,4.2908
7521,3.6826
7522,3.5240
7523,3.5510
7524,4.6080
7525,3.1900
7526,3.5571
7527,3.9190
7528,3.2424
7529,4.1691
7530,3.3922
7531,4.2255
7532,3.5397
7533,3.6690
7534,3.3771
7535,3.7611
7536,3.6938
7537,3.1694
7538,3.6987
7539,3.9443
7540,4.0489
7541,3.1295
7542,4.0882
7543,3.9222
7544,3.2705
7545,3.4250
7546,4.0703
7547,3.3400
7548,3.7492
7549,3.5041
7550,3.4793
7551,3.6770
7552,4.1606
7553,3.4800
7554,4.0370
7555,3.5764
7556,3.5906
7557,3.7497
7558,3.3330
7559,3.7943
7560,3.4699
7561,3.8214
7562,3.4967
7563,3.9436
7564,3.4413
7565,3.8967
7566,4.3347
7567,3.0181
7568,3.4639
7569,3.7975
7570,3.4470
7571,3.8960
7572,3.8721
7573,3.3751
7574,3.5051
7575,3.9978
7576,3.7079
7577,3.5536
7578,3.7348
7579,3.6615
7580,3.8701
7581,3.4091
7582,3.7858
7583,4.1657
7584,3.3965
7585,3.5030
7586,3.7448
7587,3.8051
7588,3.8109
7589,3.8231
7590,3.8298
7591,3.5854
7592,3.7837
7593,3.9245
7594,3.4210
7595,3.8057
7596,3.3609
7597,3.7807
7598,3.4235
7599,3.9888
7600,3.3530
7601,3.7078
7602,3.9433
7603,3.2281
7604,3.7972
7605,3.3767
7606,3.7027
7607,3.7777
7608,3.9415
7609,3.4039
7610,3.9812
7611,3.5312
7612,3.8159
7613,3.4277
7614,3.9538
7615,3.1757
7616,3.8441
7617,3.8466
7618,3.5786
7619,3.8903
7620,3.9458
7621,3.3198
7622,3.7277
7623,3.7217
7624,3.9486
7625,3.7107
7626,3.5143
7627,3.8504
7628,3.6754
7629,3.9995
7630,3.4352
7631,3.8358
7632,3.4814
7633,4.7613
7634,3.1616
7635,3.5628
7636,3.2193
7637,4.1257
7638,4.3786
7639,2.9169
7640,3.8452
7641,3.3995
7642,3.8671
7643,3.2608
7644,3.9272
7645,3.5160
7646,4.2838
7647,3.7307
7648,3.5221
7649,3.2959
7650,4.1675
7651,3.8315
7652,4.0679
7653,3.2309
7654,3.6195
7655,3.7392
7656,3.7406
7657,3.8354
7658,3.2543
7659,3.6257
7660,3.8634
7661,3.5428
7662,3.7048
7663,3.4822
7664,3.6992
7665,3.9559
7666,3.7500
7667,3.3985
7668,3.7241
7669,3.7548
7670,3.8799
7671,3.7464
7672,3.6651
7673,3.4161
7674,3.8939
7675,4.0775
7676,3.0623
7677,3.4650
7678,4.0948
7679,3.8088
7680,3.3736
7681,3.4588
7682,4.1301
7683,3.6711
7684,3.8226
7685,3.4606
7686,3.5377
7687,3.5227
7688,3.9431
7689,3.7973
7690,3.4197
7691,4.4381
7692,3.7301
7693,3.5101
7694,3.5148
7695,3.6488
7696,4.0044
7697,3.8845
7698,3.6142
7699,3.3966
7700,4.7733
7701,2.9385
7702,3.6803
7703,3.2857
7704,4.1284
7705,3.2923
7706,3.9176
7707,3.4005
7708,3.5609
7709,3.5298
7710,3.8619
7711,3.5049
7712,3.7286
7713,3.7194
7714,3.7315
7715,3.7337
7716,3.4694
7717,4.1154
7718,3.3656
7719,3.6034
7720,3.5675
7721,4.4209
7722,3.3453
7723,3.5901
7724,3.4181
7725,3.7535
7726,3.8186
7727,3.6490
7728,3.7949
7729,3.4391
7730,4.0364
7731,3.1887
7732,3.9037
7733,3.2264
7734,4.0163
7735,3.1425
7736,3.8818
7737,3.8159
7738,3.4895
7739,3.3494
7740,4.0564
7741,3.5348
7742,4.4804
7743,2.7984
7744,3.7584
7745,3.3233
7746,4.0797
7747,3.9218
7748,4.3488
7749,3.5745
7750,3.8317
7751,3.9295
7752,3.4825
7753,3.8854
7754,3.5544
7755,4.2017
7756,3.8498
7757,3.4361
7758,3.7800
7759,3.8975
7760,3.7634
7761,4.1208
7762,3.8864
7763,3.5834
7764,4.1192
7765,3.5010
7766,3.7020
7767,4.0205
7768,3.6146
7769,3.8449
7770,3.3533
7771,3.7345
7772,3.7921
7773,3.7924
7774,3.4590
7775,3.7008
7776,3.5471
7777,3.5776
7778,3.3168
7779,3.9092
7780,3.8404
7781,3.9191
7782,3.3846
7783,3.7716
7784,3.9619
7785,3.6073
7786,3.2959
7787,3.8529
7788,4.1119
7789,3.2106
7790,3.9587
7791,3.3758
7792,3.8104
7793,3.5501
7794,3.6061
7795,3.6776
7796,3.7904
7797,3.8056
7798,3.7399
7799,3.4937
7800,3.9119
7801,3.7871
7802,3.3583
7803,3.6307
7804,3.9119
7805,3.6348
7806,3.8140
7807,3.5232
7808,3.4992
7809,4.0648
7810,3.4635
7811,3.8023
7812,3.3303
7813,3.9013
7814,3.5178
7815,3.7711
7816,3.4951
7817,4.3055
7818,3.8686
7819,3.2069
7820,3.7840
7821,3.3873
7822,3.7216
7823,3.7583
7824,4.0965
7825,3.2415
7826,3.9582
7827,3.5058
7828,3.7114
7829,3.5491
7830,3.7822
7831,3.5466
7832,3.9903
7833,3.8216
7834,3.4732
7835,3.2730
7836,4.9347
7837,2.9261
7838,3.3110
7839,3.9263
7840,3.9525
7841,3.3655
7842,3.4886
7843,3.8957
7844,3.4883
7845,4.0301
7846,3.4145
7847,3.8541
7848,3.5107
7849,3.9094
7850,3.4189
7851,3.7488
7852,3.9815
7853,3.2515
7854,3.5469
7855,4.0343
7856,3.6159
7857,3.5556
7858,3.6379
7859,3.9135
7860,3.7973
7861,3.2338
7862,4.2488
7863,3.5842
7864,3.6372
7865,3.6563
7866,3.5455
7867,3.4750
7868,4.1508
7869,3.7257
7870,3.5043
7871,4.1688
7872,3.4911
7873,4.1399
7874,3.1169
7875,4.0016
7876,3.5137
7877,4.2250
7878,3.6217
7879,3.5025
7880,3.7446
7881,3.9167
7882,3.5695
7883,3.5048
7884,3.7066
7885,4.0402
7886,4.1319
7887,3.1610
7888,4.0694
7889,3.2708
7890,4.6562
7891,3.2073
7892,3.5590
7893,3.7128
7894,3.6878
7895,3.8959
7896,3.4300
7897,3.7334
7898,3.8140
7899,3.5781
7900,3.6437
7901,4.0593
7902,3.7403
7903,4.2239
7904,3.5303
7905,3.5091
7906,3.4043
7907,3.9237
7908,3.6350
7909,3.3167
7910,3.7800
7911,3.4725
7912,3.2907
7913,4.0772
7914,3.8661
7915,3.6344
7916,3.7094
7917,3.7097
7918,3.6498
7919,4.3823
7920,2.8975
7921,3.4955
7922,3.7681
7923,3.3826
7924,4.0336
7925,3.3065
7926,4.2064
7927,4.1287
7928,3.6316
7929,3.7114
7930,3.5883
7931,3.6278
7932,3.5057
7933,3.6383
7934,3.6984
7935,3.6146
7936,3.5468
7937,3.6839
7938,3.5743
7939,4.0559
7940,4.1201
7941,3.2756
7942,3.7343
7943,3.6734
7944,3.9370
7945,3.6270
7946,4.1933
7947,3.4405
7948,4.0695
7949,3.4684
7950,4.1522
7951,3.1789
7952,4.2048
7953,3.7512
7954,3.6591
7955,3.9321
7956,3.5504
7957,3.9874
7958,3.6798
